datetime,temperature,humidity,pressure,wind_speed,precipitation
2021-01-01 00:00:00,19.96714153011233,40.04895493554419,1009.9079092295013,7.690011801407628,0
2021-01-01 01:00:00,13.617356988288154,36.274070420064014,1005.4784359440941,6.111650007250317,0
2021-01-01 02:00:00,21.476885381006923,68.1858149726182,1016.1917451041918,8.631637517577435,0
2021-01-01 03:00:00,30.230298564080254,72.38854358921407,1026.4045044602315,10.544279860341915,0
2021-01-01 04:00:00,12.65846625276664,31.895168689538522,994.2482753035425,11.785088397506694,1
2021-01-01 05:00:00,12.658630430508195,86.17273477462139,1014.1502607914741,8.327730840675036,0
2021-01-01 06:00:00,30.792128155073915,33.118277019088346,1011.3986720443336,8.761006533569699,1
2021-01-01 07:00:00,22.674347291529088,62.47778011806423,1019.7134007645046,7.219905073458068,0
2021-01-01 08:00:00,10.305256140650478,72.54363116705498,1015.1319662823769,9.905682488875671,0
2021-01-01 09:00:00,20.425600435859646,82.25814742476513,1005.4803066826119,7.454714097427557,1
2021-01-01 10:00:00,10.365823071875377,72.84521592794567,1009.8094606433339,11.7193834397236,0
2021-01-01 11:00:00,10.342702464297432,78.10368498418751,1005.0397414319651,4.642400524197667,1
2021-01-01 12:00:00,17.419622715660342,50.367011552568364,1023.760071385986,8.921110982642613,0
2021-01-01 13:00:00,-4.13280244657798,78.88950682479074,1013.2131164867194,10.903322017575226,1
2021-01-01 14:00:00,-2.249178325130327,34.806890783080505,1032.01190685753,10.551503548967514,0
2021-01-01 15:00:00,9.377124707590273,83.68899936363167,1012.3933918618538,18.079100991941488,0
2021-01-01 16:00:00,4.8716887966557625,62.85554256922418,1005.9159323308953,11.049400073703723,0
2021-01-01 17:00:00,18.14247332595274,79.03786619774962,997.8628560738717,6.987836209473969,1
2021-01-01 18:00:00,5.91975924478789,57.13909707109801,994.9686032374406,9.71360725873278,1
2021-01-01 19:00:00,0.8769629866470847,68.6146617117915,997.1586405699451,4.671260999600644,1
2021-01-01 20:00:00,29.65648768921554,61.58415965616679,1015.6712665101148,9.758200752109717,1
2021-01-01 21:00:00,12.742236995134643,73.89537130531991,1018.0872502322993,7.500831828997724,0
2021-01-01 22:00:00,15.67528204687924,34.897798921835374,997.1880929796787,12.746170826680485,0
2021-01-01 23:00:00,0.7525181378654331,33.62112503943383,1021.9503831407611,8.351379176213396,0
2021-01-02 00:00:00,9.556172754748173,44.82619404060878,1008.1693894831656,9.64970225261426,0
2021-01-02 01:00:00,16.10922589709866,39.5726808067913,1014.4679301198555,8.093326475786789,0
2021-01-02 02:00:00,3.4900642257769725,82.3070139955321,1029.1222062825543,15.216554055559994,0
2021-01-02 03:00:00,18.75698018345672,43.15283924148266,1021.9683931586553,9.036271701646266,0
2021-01-02 04:00:00,8.99361310081195,88.55191534914788,1010.3146935209417,15.497671130437606,0
2021-01-02 05:00:00,12.083062502067232,50.213747506266415,1004.0880777458472,12.4424552863548,0
2021-01-02 06:00:00,8.982933877706031,40.927074941321955,991.481845986707,11.446200182006159,0
2021-01-02 07:00:00,33.522781845089376,77.38191042854875,1005.8084668075758,11.106199441952558,0
2021-01-02 08:00:00,14.86502775262066,69.52246653005257,1010.888697611723,11.181391894648755,0
2021-01-02 09:00:00,4.422890710440996,59.89174298718834,1003.1282047284882,4.21698226196317,0
2021-01-02 10:00:00,23.22544912103189,63.321813056257874,1011.687430329077,9.163349817547731,0
2021-01-02 11:00:00,2.7915635002897776,73.15210669633584,1013.7685188295877,12.535473913552964,0
2021-01-02 12:00:00,17.088635950047554,43.70728447987793,1010.7514401819192,9.853308449577684,0
2021-01-02 13:00:00,-4.596701238797756,89.78003496340452,1006.4999741917654,5.784430459589275,0
2021-01-02 14:00:00,1.7181395110156945,88.487589728807,1014.6865467196673,9.842786648267591,0
2021-01-02 15:00:00,16.968612358691235,69.01954118081622,1017.4194064956941,15.112316548766474,0
2021-01-02 16:00:00,22.384665799954107,41.972547055748706,1002.0960092255715,13.740675146604158,0
2021-01-02 17:00:00,16.713682811899705,70.81369454587748,1027.1093237974626,9.813987971901906,0
2021-01-02 18:00:00,13.843517176117595,34.33190453875055,1012.0141186771574,12.854347831174259,1
2021-01-02 19:00:00,11.988963044107113,31.839150132348365,1013.1884962294484,8.900478938895844,1
2021-01-02 20:00:00,0.21478009632572537,45.46097331067282,1020.0821442325656,4.8883852395198435,0
2021-01-02 21:00:00,7.801557916052913,57.75737740435898,1015.332161312635,7.226602035611337,0
2021-01-02 22:00:00,10.393612290402125,82.09635032450282,1022.5313663391324,14.688666305524594,0
2021-01-02 23:00:00,25.571222262189156,73.63014418597848,1015.8712416520183,9.178020754512087,0
2021-01-03 00:00:00,18.436182895684613,74.56239127199886,1006.8756262535957,9.269848061874946,1
2021-01-03 01:00:00,-2.6304015536273404,55.52960006688452,1016.615035252061,9.100485411175358,0
2021-01-03 02:00:00,18.24083969394795,50.75609955281777,1001.5627379267934,15.71240976871902,0
2021-01-03 03:00:00,11.149177195836835,52.262325779076164,1014.0855970577652,14.87787674608619,0
2021-01-03 04:00:00,8.230779996940413,89.25897382416346,1012.6677000935554,16.6563407003444,1
2021-01-03 05:00:00,21.11676288840868,32.406551484748945,1010.9188314272747,9.522864368799846,0
2021-01-03 06:00:00,25.309995224959508,82.02188976734692,1011.7146248856106,10.886873466241285,0
2021-01-03 07:00:00,24.312801191161988,64.7205245143436,994.1815095450236,5.450072351737626,0
2021-01-03 08:00:00,6.607824767773614,56.31692515137543,1007.5127509225904,14.430803278354823,0
2021-01-03 09:00:00,11.907876241487854,73.51545962490819,1013.9284490114112,6.496661346196195,0
2021-01-03 10:00:00,18.31263431403564,59.200136485482176,1014.598563919974,10.650326691287887,0
2021-01-03 11:00:00,24.755451271223592,82.40539428489964,1002.7232485907405,6.708092417101468,1
2021-01-03 12:00:00,10.208257621547101,84.04211184067552,1025.657078408647,8.233399519783912,1
2021-01-03 13:00:00,13.143410233361829,55.30325561240733,1004.338251517855,7.488212706850899,1
2021-01-03 14:00:00,3.936650259939718,46.60966783410309,1022.6945720052673,8.176374217972546,0
2021-01-03 15:00:00,3.037933759193292,65.54101971560173,1017.2719436187168,8.382631890553064,1
2021-01-03 16:00:00,23.12525822394198,84.74180073700145,1006.537726901562,8.355193615224769,0
2021-01-03 17:00:00,28.56240028570823,42.63973134033999,1030.7531089260951,12.500001735340922,0
2021-01-03 18:00:00,14.27989878419666,67.37799501380897,1001.0636316824352,6.68541162081244,0
2021-01-03 19:00:00,25.03532897892024,67.89361320555123,1022.1915417361,10.6616242810416,0
2021-01-03 20:00:00,18.61636025047634,73.98678134491686,1023.0058231804297,13.653877456916675,0
2021-01-03 21:00:00,8.548802453948756,37.894061107635586,1006.2937979092336,8.460410906459812,0
2021-01-03 22:00:00,18.613956055084138,72.94949788092532,1026.9246530006433,7.846243327757195,0
2021-01-03 23:00:00,30.380365664659692,84.54195123993847,1010.4995348540104,9.308426124459247,1
2021-01-04 00:00:00,14.641739608900485,40.78098653221452,1015.8869362927986,13.53917562508213,0
2021-01-04 01:00:00,30.64643655814006,44.25259949543266,1015.6032183877122,10.582322892860073,0
2021-01-04 02:00:00,-11.197451040897445,88.28370564249838,1011.6569125852945,8.406357116177205,0
2021-01-04 03:00:00,23.21902504375224,40.85861716256939,1021.1080827315978,11.451629953564119,0
2021-01-04 04:00:00,15.870470682381713,81.26310560217475,1020.9348872055222,6.69312355049073,0
2021-01-04 05:00:00,12.009926495341325,59.53667138688209,995.5146802676182,12.044078531328843,0
2021-01-04 06:00:00,15.917607765355022,44.833864464190626,1026.0434024287815,11.225821923105302,0
2021-01-04 07:00:00,-4.875689146008927,82.24499407635068,996.3750801196433,9.076574586583348,0
2021-01-04 08:00:00,12.803281121624881,56.71831530015993,1023.3254620434166,7.4842426046583075,0
2021-01-04 09:00:00,18.571125715117464,60.88904123578141,1024.2670513682758,7.339957233149628,1
2021-01-04 10:00:00,29.77894044741516,51.55400216398594,1002.090335697848,11.60445200903773,0
2021-01-04 11:00:00,9.817297817263526,65.57705108609565,1008.8918571204541,13.686941507467186,0
2021-01-04 12:00:00,6.915063971068124,39.81143235510137,1001.9429533151406,8.088076758913616,1
2021-01-04 13:00:00,9.982429564154636,53.46489219910564,1010.8507896971126,11.375160110654452,0
2021-01-04 14:00:00,24.15402117702074,88.16473934011725,1009.9196571581426,3.7389189441937933,0
2021-01-04 15:00:00,18.287511096596845,45.48800596206765,1020.7966053226934,8.246146808028401,1
2021-01-04 16:00:00,9.702397962329613,69.40419987247753,1026.103087461196,9.906823201387294,0
2021-01-04 17:00:00,20.13267433113356,49.511403853481696,1026.9568381078996,7.270949749054499,0
2021-01-04 18:00:00,15.970775493480403,76.40838754119605,1007.378319734217,7.190480875631212,0
2021-01-04 19:00:00,24.686449905328892,37.85241964310099,1010.9077812625547,7.996661330593342,0
2021-01-04 20:00:00,7.979469061226476,88.18926270471269,996.1656180777904,10.87657818497912,0
2021-01-04 21:00:00,11.723378534022318,57.22737248301836,1004.9412993350381,9.438012944780876,0
2021-01-04 22:00:00,11.078918468678424,44.16302780078784,1022.6485163309745,3.285306300025084,0
2021-01-04 23:00:00,0.36485051867881424,34.409804839800756,1029.1558282354822,3.637899542094802,0
2021-01-05 00:00:00,17.961202770645762,40.18547430525244,1000.6565112812008,8.179404466428474,0
2021-01-05 01:00:00,17.610552721798893,61.186436913361064,1007.0753574084711,11.373059758160656,0
2021-01-05 02:00:00,15.05113456642461,50.22019058587718,1012.7359424304108,1.757485471824296,0
2021-01-05 03:00:00,12.654128666248532,79.73300195295657,1015.8016115881961,8.500809471545107,0
2021-01-05 04:00:00,0.8462925794958576,55.85325141970836,1004.9039648007836,8.421256430447738,0
2021-01-05 05:00:00,10.79354677234641,44.92285635525779,1017.2406104446409,14.165013334625343,1
2021-01-05 06:00:00,11.572854834732304,67.0286991962418,1008.2616065292908,8.84493456486141,0
2021-01-05 07:00:00,6.97722730778381,72.40663301312675,1012.8554772912172,11.148966954222786,0
2021-01-05 08:00:00,13.387142883339909,40.02251447405699,1018.462842480037,10.42377142026239,0
2021-01-05 09:00:00,19.040508568145384,40.05715297729906,1013.0642226981093,3.6083005605783978,0
2021-01-05 10:00:00,33.8618590121053,32.20028561601258,1008.6361410947343,12.304621649895212,1
2021-01-05 11:00:00,16.74577812831839,74.18412090393844,1011.9039019607417,10.646189516368864,0
2021-01-05 12:00:00,17.57550390722764,69.8282716573083,1012.1163704079466,11.52480591902377,1
2021-01-05 13:00:00,14.255540842338327,58.477852544988835,1009.2998897011787,21.778713119308982,0
2021-01-05 14:00:00,-4.187712152990414,80.65022693815183,1010.412039373329,3.7476611815042347,0
2021-01-05 15:00:00,14.734861245507831,78.34020917700319,1028.9864717050473,15.174089949283324,0
2021-01-05 16:00:00,15.602302099410265,65.12126186380513,1018.6091944794124,9.137657441798932,1
2021-01-05 17:00:00,39.63242112485286,82.09627683079552,1010.0451968197084,10.861986713209028,0
2021-01-05 18:00:00,13.076390352188774,42.350472602206096,1019.9695440451073,9.863463264096273,0
2021-01-05 19:00:00,18.015473423336125,36.71517716386367,1009.6618051024399,8.72729099980587,0
2021-01-05 20:00:00,14.652882302947567,46.18497669101937,1024.7312463758665,8.290501215283724,0
2021-01-05 21:00:00,3.313219623804679,33.42521136535889,1016.6964219219809,10.988526206719028,1
2021-01-05 22:00:00,26.428228145150207,61.87017168006192,1011.9269785599577,5.448478909984963,0
2021-01-05 23:00:00,22.519330326867742,86.19634153769769,1017.4771692581028,12.251737502565296,0
2021-01-06 00:00:00,22.91031947043047,32.36061244011058,997.291238479315,8.751416785344238,0
2021-01-06 01:00:00,5.90612545205261,37.32659484060161,1001.732325310902,6.609791982878926,0
2021-01-06 02:00:00,29.02794310936099,57.13194169700611,1001.0607499360094,8.64996142601256,1
2021-01-06 03:00:00,0.981489372077192,86.0325010516743,1014.4294309476371,13.771447650587719,0
2021-01-06 04:00:00,20.868570938002705,48.96936629860503,1030.325149994851,8.393994738951331,0
2021-01-06 05:00:00,36.90455625809979,60.43408852130355,1035.3130014619264,11.07536085462886,1
2021-01-06 06:00:00,5.094636748693116,32.494371543023526,1019.3805110144076,7.80713117285358,0
2021-01-06 07:00:00,9.33702270397228,38.90059205772533,1018.0084447494446,12.273765549770859,0
2021-01-06 08:00:00,15.996513650876413,89.19780737753081,994.9894226584726,12.056523216370612,0
2021-01-06 09:00:00,9.965243458838007,87.90712178616273,1007.5732620026598,15.545826499889234,0
2021-01-06 10:00:00,-0.506634310661326,30.296398856064577,1005.1221624809176,9.473308163502354,0
2021-01-06 11:00:00,15.685629748060274,87.10870712539435,1006.7915240174889,12.00596441427372,1
2021-01-06 12:00:00,4.376962862738951,68.34719626893002,1011.3185618141521,10.294202618616834,0
2021-01-06 13:00:00,19.735924306351816,82.07509767120132,1008.2790942230288,13.887615345589044,0
2021-01-06 14:00:00,5.805757657661969,57.28439133803155,993.2070018962421,7.8435028371738085,1
2021-01-06 15:00:00,30.499344050175395,60.93576171475502,1020.4791025611753,12.235015938631843,0
2021-01-06 16:00:00,7.167467076637629,59.33079481541521,1002.272569742602,9.415908111649955,0
2021-01-06 17:00:00,11.779384837943244,70.01185545276627,1015.3924686411115,9.807435468674507,0
2021-01-06 18:00:00,23.135172173696695,38.379075285378775,1033.7408266974996,10.275257453345118,1
2021-01-06 19:00:00,2.6913568356604483,31.798415392360678,1003.8061540841358,10.756721189280032,0
2021-01-06 20:00:00,17.274599346041295,48.47579649547146,987.6971247725367,9.651312870634126,0
2021-01-06 21:00:00,28.07142754282428,72.2808457641988,1010.1399577811989,10.644139549511578,1
2021-01-06 22:00:00,-1.0748323456122755,42.1112071273769,1024.0095963499857,14.734354172686555,0
2021-01-06 23:00:00,16.846338585323043,70.40594599949503,1032.583474542206,12.956349056845655,0
2021-01-07 00:00:00,17.598827942484235,88.19472276643623,1000.7045040554758,12.60746377749069,1
2021-01-07 01:00:00,22.818228717773103,35.6340429473651,1017.9669922323652,8.633381421928387,0
2021-01-07 02:00:00,2.6304928912191805,70.35612709350758,1008.3468954321995,7.3322775153150275,0
2021-01-07 03:00:00,1.795433869157236,56.62501315827427,1011.9405164569587,12.865901674713259,1
2021-01-07 04:00:00,20.219415656168977,82.08853526265032,1039.4434334701702,12.628140377589382,0
2021-01-07 05:00:00,17.96984673233186,40.628987366843155,997.9702967160484,14.418012027252946,0
2021-01-07 06:00:00,17.504928503458764,71.55755713356987,1015.5373966149457,8.188058122092311,1
2021-01-07 07:00:00,18.464482094969757,80.28691737888661,1017.6769317176544,9.311354033918958,1
2021-01-07 08:00:00,8.199752784215093,86.6768531684414,1023.8578632493935,5.081547512423698,0
2021-01-07 09:00:00,17.322536971610035,70.99488169737876,1013.979831534709,8.82258668181738,0
2021-01-07 10:00:00,17.93072473298681,59.83048584050564,1016.080505395041,12.989711531738342,0
2021-01-07 11:00:00,7.856485819736322,67.07083441207283,1009.0835143257821,8.600513862315406,0
2021-01-07 12:00:00,33.65774511144757,82.1342990687231,1015.6912694124511,11.921439385602472,0
2021-01-07 13:00:00,19.738329209117875,64.23658479832977,1009.5680772450258,9.428490682006565,0
2021-01-07 14:00:00,3.0869650279735144,31.82322358181021,1019.2157188985605,10.972171084664682,0
2021-01-07 15:00:00,21.565536086338298,85.85692173041866,1009.3038966395636,6.5569258305529985,0
2021-01-07 16:00:00,5.253183297726785,71.37160506189366,1016.7710039390219,10.255628348901704,0
2021-01-07 17:00:00,22.87084603742452,70.59080314663478,1012.7073718631502,1.0265920872978302,0
2021-01-07 18:00:00,26.58595579007404,42.94050914386303,1024.2605025077216,9.439311525514045,0
2021-01-07 19:00:00,6.7931768164828945,69.53312821395943,1012.4860627641151,5.108580268854579,0
2021-01-07 20:00:00,24.633761292443218,53.63186433924951,995.2696753179312,13.617983549640448,0
2021-01-07 21:00:00,19.12780926936498,69.07397862248953,1025.61921500714,12.332222058293533,0
2021-01-07 22:00:00,23.2206015999449,36.39558181847944,1003.9426769913738,11.400012945898244,0
2021-01-07 23:00:00,33.967929826539475,69.47071827618217,1006.4623366135118,14.563018681478141,0
2021-01-08 00:00:00,12.546118839971296,89.96482354623998,1007.0433870595651,7.153250437525488,1
2021-01-08 01:00:00,7.462638356425105,32.892722331633365,1026.744380931708,15.242089593746675,0
2021-01-08 02:00:00,6.104855703744768,88.63045105327905,991.643257860213,12.796574692781155,1
2021-01-08 03:00:00,6.841897150345616,54.41447764337224,1044.3774853365999,9.290334138343162,0
2021-01-08 04:00:00,14.228982905858958,82.24520702023554,1023.5605680906605,13.406860441548833,0
2021-01-08 05:00:00,18.411519748166437,76.94312904349641,1015.2323891412916,6.681119462765097,1
2021-01-08 06:00:00,17.76690799330019,64.02097565920008,1012.4510599938371,7.526457515416979,0
2021-01-08 07:00:00,23.27183249036024,74.30695255507959,1015.8555407485766,8.174230830280898,0
2021-01-08 08:00:00,15.13001891877907,82.71093367808086,1018.2112242837934,8.413066875807955,0
2021-01-08 09:00:00,29.535340771573168,54.24841929906198,1019.4521558595005,6.830327071719242,0
2021-01-08 10:00:00,12.35343166762044,49.62198969379432,1018.5560446600344,13.669249201285975,0
2021-01-08 11:00:00,42.20169166589619,70.05560313381508,1013.8958068125525,9.223436798890505,0
2021-01-08 12:00:00,21.25667347765006,78.47075651647552,1011.0266157969268,11.057514905070638,0
2021-01-08 13:00:00,6.428424435837174,75.73710808659695,1011.4872671634649,8.288945900758959,0
2021-01-08 14:00:00,4.291075019388877,77.86881893151806,1011.0509171964732,4.538190098354448,1
2021-01-08 15:00:00,19.824724152431852,56.13499888877598,1024.3377009686706,10.810172075174266,0
2021-01-08 16:00:00,12.765372146741491,79.0700529705013,1018.9355672228086,4.2632350737406695,0
2021-01-08 17:00:00,22.14000494092092,37.212543322236506,983.5961136533572,9.794097861743595,1
2021-01-08 18:00:00,19.73237624573545,62.669345877650976,1019.5590077652976,5.895054883501569,0
2021-01-08 19:00:00,14.271710873431273,30.345519629887296,1014.9473619471878,15.961827997692424,0
2021-01-08 20:00:00,6.53206281931595,49.47514979401622,1012.8129124355411,12.734088166524165,0
2021-01-08 21:00:00,-0.14847224685864546,51.98769209228387,1009.1148154691111,10.317261373814441,0
2021-01-08 22:00:00,10.534850479329789,53.770361496555324,1024.24112719986,13.791120032964006,0
2021-01-08 23:00:00,23.56398794323472,71.72803240139173,1022.4752646212286,7.461052067602792,0
2021-01-09 00:00:00,17.14093744130204,53.31348607622074,1005.271223321764,11.630438136010278,1
2021-01-09 01:00:00,2.542612212880119,56.921617357351835,1017.0705228712453,10.599431301156141,0
2021-01-09 02:00:00,16.73180925851182,44.252647852459646,1003.2834326545872,10.79206024400101,0
2021-01-09 03:00:00,18.853173797288367,52.39510749776041,999.2038183521107,13.817060500320304,0
2021-01-09 04:00:00,6.161425637988669,43.63617763578909,1006.7328277541003,12.197476308339407,0
2021-01-09 05:00:00,16.53725105945528,34.39175542610662,1021.6239347238276,10.86617098847507,1
2021-01-09 06:00:00,15.582087184459999,66.20691560288267,1022.5312504537609,5.035337691315112,0
2021-01-09 07:00:00,3.5702970216937686,70.09276791330097,1018.130854200973,7.119861114161608,0
2021-01-09 08:00:00,18.577873603482832,67.16942076057687,1020.25095786848,9.631873199212828,1
2021-01-09 09:00:00,20.607845263682343,57.80964262803434,1018.1617828711496,10.280117122829953,0
2021-01-09 10:00:00,25.83051243175277,52.78714681075379,1006.5851840477704,6.609388825978229,0
2021-01-09 11:00:00,25.53802052034903,81.80001897430952,1017.3192254467394,17.235030026735263,0
2021-01-09 12:00:00,1.2233063204290886,61.144907108173086,1021.0040952522768,14.549182165760719,1
2021-01-09 13:00:00,5.621749600848773,58.75091265778386,1020.5429132981358,11.806354961177451,0
2021-01-09 14:00:00,20.150352672086598,31.538523948386143,1024.8891337147463,10.216110583851234,1
2021-01-09 15:00:00,20.137859509122087,50.474869657569386,1020.0830384720107,9.363373090296545,0
2021-01-09 16:00:00,20.15047686306048,52.811737127151424,1016.5144820754158,7.144244619933293,0
2021-01-09 17:00:00,53.52731490654721,53.92936685381403,1023.7015023831643,10.232441555556587,1
2021-01-09 18:00:00,20.70890510693167,64.81034215363994,1012.7347874075094,10.773257620428252,0
2021-01-09 19:00:00,26.355656401805987,62.016152803612705,1004.1812534877229,6.274718273555127,0
2021-01-09 20:00:00,24.540017634932024,66.47430556760668,1011.3693303605623,11.002529251734693,0
2021-01-09 21:00:00,21.51391251305798,75.8929956925277,1005.5509735519355,9.534222853525753,0
2021-01-09 22:00:00,11.847307553596544,78.7791443229656,1006.2482172502562,4.276577326367827,0
2021-01-09 23:00:00,22.589692204932675,73.08738457358967,1011.5548132928449,7.418844967661494,0
2021-01-10 00:00:00,7.271747854624282,87.33142175729608,1005.0758007900004,8.759183399735067,0
2021-01-10 01:00:00,12.631813932599911,31.093954960581698,1009.9203847036096,15.66306297202057,0
2021-01-10 02:00:00,10.146364521708964,41.74667914101276,994.0638533304622,11.669659373601274,0
2021-01-10 03:00:00,15.818741393863226,30.453772498688526,1015.1329370737294,5.993555292700326,0
2021-01-10 04:00:00,38.146585666735085,68.84848284927618,1013.0120547536222,11.45810886825291,0
2021-01-10 05:00:00,-3.6726519259174815,83.88183293699922,1004.8291136893181,5.358088033184903,1
2021-01-10 06:00:00,21.862601903745134,44.608937794577955,1019.592456684324,13.248073161661221,0
2021-01-10 07:00:00,-1.1271587118965165,85.6220726877784,1022.3757013762656,8.586626044546364,0
2021-01-10 08:00:00,10.280681342105666,33.61604341737365,996.9244013563102,9.719091433782488,1
2021-01-10 09:00:00,25.88950596967366,86.06616160833086,1005.3727522143379,13.97738994262657,0
2021-01-10 10:00:00,15.642800190954627,51.09736123437806,1005.308576502127,6.13850929424725,1
2021-01-10 11:00:00,4.222552220706939,36.08524970695299,1003.6009689889114,5.8086454446610265,0
2021-01-10 12:00:00,7.846962907400318,59.15230555117954,1021.2947484193174,8.249202020961985,0
2021-01-10 13:00:00,21.795977489346757,45.40659406323048,1011.0617386122719,13.11513655305795,0
2021-01-10 14:00:00,7.696333682828634,47.092374117715366,1010.3548515868939,5.4419617735694725,0
2021-01-10 15:00:00,17.164585895819748,48.43739789557719,992.9613763559324,1.503533205668294,0
2021-01-10 16:00:00,15.455718399038139,78.1815538699598,1019.3541803020922,8.646523424773005,0
2021-01-10 17:00:00,8.48399652394183,62.34967660051527,1000.6074160514653,11.65522239973276,0
2021-01-10 18:00:00,36.439440893253256,48.67846194936022,1013.5993263026633,13.600785249216488,0
2021-01-10 19:00:00,21.33919022318011,66.6200269986551,1015.773769379582,8.610515913743804,0
2021-01-10 20:00:00,-5.251425866576071,72.96904045339161,1026.6065859583864,8.765720178651993,0
2021-01-10 21:00:00,16.864543147694278,46.35744004401202,999.9117960088089,13.461702202767242,0
2021-01-10 22:00:00,8.38213535231612,54.81294609152109,982.8048784417917,4.390774900913739,0
2021-01-10 23:00:00,23.52433334796224,37.313165600216855,1014.838495447537,8.834437674450973,1
2021-01-11 00:00:00,7.074792615672994,40.86896097208082,1031.0051118151086,10.571271669775173,0
2021-01-11 01:00:00,13.85263558533101,70.86707123789897,1025.3894635293943,11.347656163855103,1
2021-01-11 02:00:00,20.04987278980457,40.88630086173762,1015.0965941527462,8.470579920427353,0
2021-01-11 03:00:00,23.657551941701215,61.50980302002361,1008.0836381436795,10.103323035117524,0
2021-01-11 04:00:00,2.9970359294422373,72.54277570334597,1021.071225966373,2.5350179397610315,0
2021-01-11 05:00:00,11.654987641590516,36.41261538568463,1003.2645380029553,8.025254762998454,0
2021-01-11 06:00:00,10.250546888390438,64.03873317773422,1017.7635776935622,11.360526137663403,0
2021-01-11 07:00:00,8.466707674262882,45.393767022081825,1018.0547015916662,7.053117897235961,0
2021-01-11 08:00:00,32.65454240281097,87.77561251425479,1023.6020990749888,10.176952664768793,0
2021-01-11 09:00:00,19.049817109609556,59.01273880319548,1040.5966003891108,11.340617502408094,0
2021-01-11 10:00:00,2.3911604566495477,78.35955298650948,1016.9241596717877,8.972352397426706,0
2021-01-11 11:00:00,24.17861947054776,63.01359252937571,1007.910363742925,10.511391312989712,0
2021-01-11 12:00:00,36.22156197012633,32.60475197128915,1012.74425687808,7.111802304146163,0
2021-01-11 13:00:00,25.324652605511467,67.98908253564134,995.3092409511088,9.38016616091186,1
2021-01-11 14:00:00,-0.19369965954013324,87.08420053239942,1006.0528686891095,11.830648508767668,0
2021-01-11 15:00:00,10.157659271337486,66.09670920877987,1008.9071756188689,10.470918882905302,0
2021-01-11 16:00:00,27.669111491866225,79.15133156560742,1007.7591160206541,8.240406191308193,0
2021-01-11 17:00:00,7.923305343812192,83.05238780090447,1014.5235487203372,10.672649212872379,0
2021-01-11 18:00:00,19.438194281462284,43.68478631693595,1004.775800676178,12.143829371909854,0
2021-01-11 19:00:00,22.746340534293367,42.7226903944936,1024.2103066732448,3.850176164267566,0
2021-01-11 20:00:00,5.73069528421917,66.6588593310595,1013.002070649182,13.477222194867693,0
2021-01-11 21:00:00,14.404746439381999,54.66170818840229,1012.9069967886138,8.991235783956784,0
2021-01-11 22:00:00,-17.41267340069073,80.39167817200322,1009.7210528348709,11.27646979972069,1
2021-01-11 23:00:00,4.756123586657102,84.00138740388067,1014.5519068385898,13.591740770935683,1
2021-01-12 00:00:00,12.474318486068396,51.20528275816309,1021.2509826466763,5.884978908308602,0
2021-01-12 01:00:00,2.522168180351505,44.21223353846892,1004.328697842891,7.87167699271736,0
2021-01-12 02:00:00,31.32411303931635,76.83153091463171,1006.4188351092474,9.134353912372886,0
2021-01-12 03:00:00,0.6985862203936737,46.48836213288817,1009.9627397122333,7.648739436626715,0
2021-01-12 04:00:00,10.599555133030162,79.3568591108207,999.5412907652678,15.204809727510426,0
2021-01-12 05:00:00,16.307405772860914,55.42429521892577,1004.807421402785,7.429683718519621,0
2021-01-12 06:00:00,29.412732890661154,70.05299395748823,1008.2377912645534,8.3333596615394,1
2021-01-12 07:00:00,0.6413784882056071,35.73211883008009,1021.7438918071273,10.61316709480893,0
2021-01-12 08:00:00,26.631637521549596,67.43155948059439,1015.6256132900193,6.3935514217717335,0
2021-01-12 09:00:00,15.102330610195871,57.10606072423374,1014.9358991136754,8.812957864731208,0
2021-01-12 10:00:00,5.18491348952049,65.19650779052844,1021.5089796216797,10.952359783750525,0
2021-01-12 11:00:00,19.62103474263271,40.0808524646918,1011.626282116006,9.001418786852467,0
2021-01-12 12:00:00,16.990596955734702,74.21242469665093,1016.9046484992889,9.719839423300154,1
2021-01-12 13:00:00,8.997831228412053,81.7678246525937,1011.967782470675,8.412003662654888,0
2021-01-12 14:00:00,15.698020849900189,43.00438800544654,1015.6536234939963,5.4565890724576995,0
2021-01-12 15:00:00,11.146864031382398,35.7428733312097,1007.1724134238842,10.964779634017717,0
2021-01-12 16:00:00,16.13517345251248,31.418315162780182,988.6118284172358,15.264799214941725,0
2021-01-12 17:00:00,21.621306745210468,68.51829002659596,1011.6572083781369,10.055204892350314,0
2021-01-12 18:00:00,30.860168161453522,66.42564216532685,1027.2274813609995,10.675792351742649,0
2021-01-12 19:00:00,2.6218450117315086,62.8018447628442,1022.2621540224159,12.078168265350579,0
2021-01-12 20:00:00,36.330333746562665,43.916825766958524,1022.6539748459118,6.192008510359902,1
2021-01-12 21:00:00,-4.5208779952250175,53.45435975433088,1025.3613072180622,15.107543974388816,0
2021-01-12 22:00:00,13.482149049644168,65.66858011117039,1013.8865759096144,10.606986389268407,0
2021-01-12 23:00:00,20.883172064845766,59.80601153155016,1014.973157074056,14.895570697267328,0
2021-01-13 00:00:00,17.809918677350325,89.26713121289325,1006.8234810456565,7.800901013428032,0
2021-01-13 01:00:00,8.773004801794063,38.18638515340399,1009.8392714397295,15.454185767673474,0
2021-01-13 02:00:00,12.918777496427248,71.70867324285562,1019.1577114977114,12.32546648210435,0
2021-01-13 03:00:00,10.069990653411672,54.259126086257524,1025.0388443716881,11.659120257557076,0
2021-01-13 04:00:00,9.106352430557884,55.69197689553688,1011.60553724319,10.702073363059444,0
2021-01-13 05:00:00,23.496020970210246,73.05586593949057,1008.4981073514858,9.254414145776652,0
2021-01-13 06:00:00,18.570154859650472,71.54616907946217,1013.0052795885659,13.601594975421618,1
2021-01-13 07:00:00,8.070904047393459,89.4753596221313,1019.0120674892911,10.42107960954414,0
2021-01-13 08:00:00,23.995998754332508,37.703657367247516,998.5614518386645,4.098790889238543,0
2021-01-13 09:00:00,18.072995208766095,36.246578963049984,990.0381904686276,6.648440614878993,0
2021-01-13 10:00:00,23.1286211883896,73.46032902772447,1007.4946315050842,9.442462743421759,1
2021-01-13 11:00:00,21.29628841923612,64.70321502038455,1000.7928757408584,10.929996949496665,0
2021-01-13 12:00:00,6.710049890779278,46.44963999358835,1007.9185980235269,9.830234533300313,0
2021-01-13 13:00:00,9.398189598030305,34.765162139339196,1011.5221968118253,13.65691236938099,0
2021-01-13 14:00:00,22.47293605123262,35.13949497578583,1008.4675159097699,4.146694407884126,0
2021-01-13 15:00:00,21.103702654334647,83.6514524798471,1027.5246753447075,10.430763809515481,0
2021-01-13 16:00:00,14.790984060358518,41.512039483124575,1016.2674476460232,4.546062323838536,0
2021-01-13 17:00:00,16.17327383308782,49.40229372693125,1016.0047435961083,12.279136886452505,0
2021-01-13 18:00:00,27.776648957884248,43.59938413361928,1019.222071440434,9.716623856673992,0
2021-01-13 19:00:00,9.0842861116417,51.29977834991624,1001.6116688221923,11.258829916072354,0
2021-01-13 20:00:00,20.47097381170038,34.1654305647656,1023.3911178742027,7.408351118230701,0
2021-01-13 21:00:00,12.97807347566106,61.14358745449622,1012.2423571346454,13.838394794973254,0
2021-01-13 22:00:00,12.823187967727797,34.05675381553289,1019.7048061724121,13.125173992176554,0
2021-01-13 23:00:00,25.9877685198719,78.0213904693417,1002.2814276695984,11.750632909035662,1
2021-01-14 00:00:00,23.2541634898803,44.02272491462598,997.4624123398394,9.611448259409677,1
2021-01-14 01:00:00,23.135096360006386,62.400714876270634,1021.1788965802502,11.739571855885396,1
2021-01-14 02:00:00,28.054788071543292,82.80474525368749,1016.7640952609752,7.879322296037953,0
2021-01-14 03:00:00,15.21003841632759,69.05264214283164,1003.9794844564249,12.566666977062136,0
2021-01-14 04:00:00,21.819529712949638,61.977467193080116,1004.3033691872531,14.948442682971763,0
2021-01-14 05:00:00,11.89733243406544,49.460025186922536,1024.2543478441478,13.211831679937559,0
2021-01-14 06:00:00,18.241663524884423,49.98011478349187,1001.1058810713267,7.811192590577772,0
2021-01-14 07:00:00,13.698569456323154,70.1692173118914,1029.4267295325596,11.084251951819308,0
2021-01-14 08:00:00,15.969959649927182,89.64836167327005,1003.9937926535213,6.120575368724056,0
2021-01-14 09:00:00,20.951570254369138,69.71035139096271,1019.3839192560838,11.717170933527028,0
2021-01-14 10:00:00,6.817793167665275,63.46700504220149,1009.7138152425101,11.351810238587616,0
2021-01-14 11:00:00,35.92387275685461,73.83903061435477,1019.0318743108235,4.390550981403508,1
2021-01-14 12:00:00,4.93982618500298,57.91233673702309,1007.5588599788581,6.514648468262909,0
2021-01-14 13:00:00,2.8581138721226793,33.60854055604711,1011.372070939277,9.150583309768699,0
2021-01-14 14:00:00,26.581108735000676,63.73780895267459,1013.4091917539572,9.09742075857752,1
2021-01-14 15:00:00,22.91662693962936,87.45751707032281,1002.9781254421853,6.371569193743584,0
2021-01-14 16:00:00,21.24119817052155,40.51817654145958,1020.4082434542013,11.166936188056551,0
2021-01-14 17:00:00,21.2834550926428,71.40029344923994,1007.8678643352841,10.754420826821537,0
2021-01-14 18:00:00,14.877532271530853,42.05602131954339,1010.7140008465998,9.417192604064443,0
2021-01-14 19:00:00,6.027456285141685,62.14966106838487,1003.0565062539149,7.732625499524911,1
2021-01-14 20:00:00,15.758045581937264,35.800586978803175,987.3766634120469,13.14612137924969,0
2021-01-14 21:00:00,8.228382884878883,57.02225617549111,1011.0897223739983,14.966221339264886,0
2021-01-14 22:00:00,24.751197334177512,75.36979973371476,1037.1261542161292,8.549315548460388,0
2021-01-14 23:00:00,13.529426184978613,50.85429145433892,1020.8460428789803,8.163499248535537,0
2021-01-15 00:00:00,6.7450280320748845,69.89470346923308,1012.807396202656,11.473622996235989,1
2021-01-15 01:00:00,11.786141583470066,77.72699764738375,1010.3710917079173,8.925911860759042,0
2021-01-15 02:00:00,19.129314542756244,85.63066916876716,1013.2246589281204,9.581808398010297,0
2021-01-15 03:00:00,9.362754471960253,44.078524911327214,1018.4711911517521,12.218959455174014,0
2021-01-15 04:00:00,6.777796044335686,53.958954948558485,1001.1918718469116,4.271931737478122,0
2021-01-15 05:00:00,17.436872114919122,39.14496079982504,1024.1432169466887,13.954906974558007,1
2021-01-15 06:00:00,17.449665711087228,89.5490101295025,1020.1538131544124,10.218041572988025,0
2021-01-15 07:00:00,9.930568246288702,85.62005807545772,1020.1818572570794,8.765520566313459,0
2021-01-15 08:00:00,10.289616943816771,62.39742781683358,1017.3847573880972,9.732297537335652,0
2021-01-15 09:00:00,17.320499373576364,80.52199766258528,1013.1961665769398,9.887288065061556,0
2021-01-15 10:00:00,0.5191565850267583,61.25747863632253,1019.7286123596682,4.806396089665224,0
2021-01-15 11:00:00,0.9253622562344468,67.41514128016559,1018.9181413374138,14.484814682359708,1
2021-01-15 12:00:00,7.81555778747564,35.34746592696099,1009.4595928905898,10.123976896811856,0
2021-01-15 13:00:00,12.865528482881528,75.31622522980848,1007.263982271031,11.329006391342126,1
2021-01-15 14:00:00,18.109075655980046,37.66280901811409,1014.0185629526198,12.854649311722127,0
2021-01-15 15:00:00,29.75356216949552,79.5640578151517,1028.4902015149519,6.936512627319099,0
2021-01-15 16:00:00,23.576596232020194,76.92168526022316,1000.608929243461,11.420415697105685,0
2021-01-15 17:00:00,13.400614700365729,72.52468186457858,998.3247473424756,9.19707672730362,0
2021-01-15 18:00:00,14.809837920973111,32.169622831485725,1014.6476084123651,12.54031232564948,1
2021-01-15 19:00:00,4.974706353621912,48.187701356719714,1013.5088770185602,3.618317738945514,0
2021-01-15 20:00:00,14.814868640076101,45.78675419465057,1014.7334166437041,9.702717099276192,0
2021-01-15 21:00:00,12.113413610798617,51.60818444829114,1015.439531979085,8.191538032648115,0
2021-01-15 22:00:00,18.227185603380896,35.25856480583031,1010.767977453652,11.296788851902466,0
2021-01-15 23:00:00,6.72769056447677,86.21746938186376,1027.8986343860208,11.410132562104607,0
2021-01-16 00:00:00,20.193465142411725,63.22813444274258,996.9909602152348,7.877122315533922,0
2021-01-16 01:00:00,30.32738913002578,48.33145863948141,1004.7150297521976,7.863478407471869,0
2021-01-16 02:00:00,13.912398515431423,53.818891024457,1011.9674523985095,9.668003894328011,0
2021-01-16 03:00:00,19.017117220989412,56.83215243029014,996.5681118884584,7.310073318054376,0
2021-01-16 04:00:00,21.901439917111126,66.03566000163704,1011.2414559556793,12.52595108635638,0
2021-01-16 05:00:00,10.987795281141636,60.94076566178987,1029.6147016572802,8.892378398657662,0
2021-01-16 06:00:00,17.24092481810417,85.16351839286504,1013.2088648829596,1.2790353420350762,0
2021-01-16 07:00:00,15.125924007817948,59.817808974349816,1015.3070090571869,8.875533830134582,1
2021-01-16 08:00:00,15.976760985488317,89.52948088939877,1000.3983523482742,6.884368537468083,0
2021-01-16 09:00:00,7.269902161445335,81.08549746470575,1006.8363859196053,5.106172553617164,0
2021-01-16 10:00:00,15.245101742589426,42.51063086144015,1009.2480361967606,6.287720085332283,0
2021-01-16 11:00:00,19.979982912454496,85.83571287863498,1009.8228490324377,10.32822541549891,0
2021-01-16 12:00:00,29.511436077950417,36.98198387312856,1025.8164379500377,13.985922484744695,0
2021-01-16 13:00:00,24.59270826085207,79.04698250947149,1018.5769106072512,10.93955342159494,0
2021-01-16 14:00:00,36.531824575115564,52.837397608594806,1001.8854204306297,8.18048983535278,0
2021-01-16 15:00:00,7.326524371119505,82.67845922670418,1015.4650477843201,11.367712585512109,0
2021-01-16 16:00:00,23.72320636720678,82.08340140644702,1017.9822174849678,8.622729069343025,0
2021-01-16 17:00:00,16.833420057383517,78.35552400705727,1024.4014903852126,7.916198892510566,1
2021-01-16 18:00:00,36.89802933217672,77.40182617842368,1028.8054068656838,6.536911995301047,1
2021-01-16 19:00:00,6.917017146448485,48.280748345882444,1002.8490580817213,4.744513579744843,0
2021-01-16 20:00:00,6.602781578192239,34.85515698307513,1004.8914248878966,8.830228880321664,0
2021-01-16 21:00:00,9.00607354555978,54.178810725909685,1000.4242214108539,10.474160469760395,1
2021-01-16 22:00:00,-6.238957243098071,40.41147089919052,1010.6598014089302,9.710128989955331,0
2021-01-16 23:00:00,9.74244978319239,71.69706533414771,1017.6635837444634,8.752099216157925,1
2021-01-17 00:00:00,7.40867338446302,50.76598359226713,1022.873345165891,7.162761817909656,0
2021-01-17 01:00:00,16.503937864762076,88.53661205159489,1012.2404897635748,11.824738575054905,1
2021-01-17 02:00:00,18.417559757771595,68.45832464071992,1009.8015247674516,6.048604240160245,0
2021-01-17 03:00:00,33.761708392158866,79.34883381806165,1014.5175799224874,12.328083741530426,1
2021-01-17 04:00:00,24.504238381860503,37.95148036451091,1004.6485709836998,6.993348943219826,0
2021-01-17 05:00:00,9.23096344337597,81.72086893635736,1033.8953872169477,7.742694287940895,0
2021-01-17 06:00:00,6.015853286516421,85.36543143080365,996.9233897288194,5.599644428152969,1
2021-01-17 07:00:00,19.919191715065057,59.22371512913615,1014.8474057889572,8.49579355934309,0
2021-01-17 08:00:00,1.7976679297935778,66.37517626505866,1033.2360621922965,12.925937375433936,0
2021-01-17 09:00:00,33.31458765854354,75.88858805417973,1013.0679984456,11.546884265331869,0
2021-01-17 10:00:00,26.79440120721287,40.49031763562475,1011.099609649985,12.935266336084105,0
2021-01-17 11:00:00,10.308243478952953,60.15396458780654,1009.4255457718957,11.566427637801807,1
2021-01-17 12:00:00,-2.131345290908776,53.919781666338785,1011.1960831823759,6.688990514408893,0
2021-01-17 13:00:00,28.538723741654128,38.782439529734944,1026.7284847467654,9.007632327017328,0
2021-01-17 14:00:00,13.854601547473822,52.05206533749188,990.881380886705,7.659402612647612,0
2021-01-17 15:00:00,27.378163119734616,34.09033856312961,1028.3343370129633,13.99172471211712,0
2021-01-17 16:00:00,-0.944276587943671,31.54871441696922,998.7604284754985,6.409634060721065,0
2021-01-17 17:00:00,9.006249770462272,38.109977349289366,1010.3334767076559,12.681093068167332,0
2021-01-17 18:00:00,15.052436997181832,87.78690669535044,1008.7075557970134,12.678861610326308,0
2021-01-17 19:00:00,15.46980593764742,62.97177215370102,1018.8855326977072,15.488860605148261,1
2021-01-17 20:00:00,10.499345285207564,87.94932966919319,997.0187564811625,8.770940222111507,0
2021-01-17 21:00:00,21.22849932347499,55.94987269980792,1017.6217266608194,12.136966478740487,0
2021-01-17 22:00:00,4.323795706174057,48.70896798511558,1033.2430962328685,16.84495550961653,1
2021-01-17 23:00:00,13.576205149787064,60.36851177041464,999.3682599540718,8.14707496919891,0
2021-01-18 00:00:00,16.20295631711899,56.37070131797461,1014.8970616761039,5.394879257402921,1
2021-01-18 01:00:00,20.14438834058749,36.33988105570464,1006.3801782220339,4.359969898276709,0
2021-01-18 02:00:00,22.1161487808889,68.44957888141238,1017.2588720619303,12.138136086583994,1
2021-01-18 03:00:00,3.7535790816213073,42.96229095057598,1013.1914777741575,4.350549375824249,0
2021-01-18 04:00:00,-0.34114170735622196,67.17527729386978,1006.5851309095569,8.883042841186231,1
2021-01-18 05:00:00,27.77676821898509,69.01206554388921,1017.8787228487107,11.311939561116882,0
2021-01-18 06:00:00,18.323140119795916,39.12149118771889,1031.0434810978675,10.555526610489743,0
2021-01-18 07:00:00,7.515134634434464,33.680977626640086,1011.0909620827271,11.276334592552516,0
2021-01-18 08:00:00,30.51151975522523,76.84569516410639,1020.1975794214818,10.666869567402562,0
2021-01-18 09:00:00,16.156746342928585,57.588025426159206,1000.0672704212884,13.83659743994018,0
2021-01-18 10:00:00,26.792971840638266,33.48982773032855,1003.4356362318199,7.143050857783609,0
2021-01-18 11:00:00,15.67518481410109,89.69197903018602,1017.7240627788037,7.969014584624406,0
2021-01-18 12:00:00,35.60747924881987,33.466833659782,1027.8411602853596,7.682021664187528,0
2021-01-18 13:00:00,32.55340842443204,71.7021137315132,1016.5561334878566,12.49057543558783,0
2021-01-18 14:00:00,12.510358515209266,89.02073551580482,1009.8694196947685,12.70119576518519,0
2021-01-18 15:00:00,24.715709509543554,44.350806252955536,1012.9929140542336,11.353675957955524,0
2021-01-18 16:00:00,21.453759495851475,38.53496212123177,1000.4959226603028,13.550481000669784,0
2021-01-18 17:00:00,28.686315575323487,37.283096365345735,1019.0451532635536,6.465877397870858,0
2021-01-18 18:00:00,5.350765394198955,48.196508854055736,1021.8233306232341,15.00167233465341,0
2021-01-18 19:00:00,21.86051459998439,36.0627486606388,1008.4790966716691,14.569715865136775,0
2021-01-18 20:00:00,25.58424486849588,71.52968050164792,1008.299578522405,12.20686599173724,0
2021-01-18 21:00:00,-2.5873948642311433,33.73750788780376,1015.6587822965205,15.34539672631318,1
2021-01-18 22:00:00,3.167414873342249,60.56532768898738,1008.632802639594,5.030130376966678,0
2021-01-18 23:00:00,-5.392321777601005,89.8018112311786,1012.3386738537417,8.426655591212045,0
2021-01-19 00:00:00,12.305931655554422,78.83821617036114,1033.997217891665,7.794089617954143,0
2021-01-19 01:00:00,22.17542255795962,66.91316629386066,1010.52974299254,12.16443797127203,0
2021-01-19 02:00:00,30.02357052096028,48.3752172471967,1009.4165984797878,6.849577781193563,0
2021-01-19 03:00:00,15.740947804197752,67.43375017749831,1006.5245819436484,12.272485448012457,0
2021-01-19 04:00:00,31.28615545571292,61.6224878346991,1020.4419197149994,14.11160843199014,0
2021-01-19 05:00:00,1.1989854178510857,55.565003033422286,1011.1877582678189,12.085608700251997,0
2021-01-19 06:00:00,-2.033824393551548,37.84262260441197,1006.5062696167857,10.851253070984503,0
2021-01-19 07:00:00,14.444523011033812,83.196252914428,1026.2130403227302,7.036379977297752,0
2021-01-19 08:00:00,18.840654489393074,56.98707892927935,1027.1960300451365,7.459447101623907,0
2021-01-19 09:00:00,14.67305251905907,41.6773507092459,1006.9957643426129,13.74885671589,0
2021-01-19 10:00:00,-5.674421000398766,52.06556105263738,994.3346004863938,12.338047011715997,1
2021-01-19 11:00:00,14.108799604872116,54.84778515173562,1023.0751368983692,9.882941441867368,0
2021-01-19 12:00:00,1.9553049949514687,79.65227373401245,1006.1537017424,8.746271362702329,0
2021-01-19 13:00:00,21.696725488300384,74.01686283368412,1020.9062559916276,3.9225763806658698,1
2021-01-19 14:00:00,18.665982460968483,76.15829361848039,993.2989618228817,6.787442743946683,0
2021-01-19 15:00:00,5.601202136726448,30.661875865718834,1021.9259733829931,15.73425726141917,0
2021-01-19 16:00:00,9.861330826633065,54.96923989078569,1000.8882807071922,6.1586332869925995,0
2021-01-19 17:00:00,4.407864781110485,58.88064909811942,1020.3076411906652,10.568439463663243,1
2021-01-19 18:00:00,14.373209027268281,31.151536609383403,1013.1427306783644,13.022331919585596,0
2021-01-19 19:00:00,24.551423205012384,45.58879252470206,1003.4606058060335,6.235231995993122,0
2021-01-19 20:00:00,5.142739536644562,75.6173893873281,1008.9296368707322,10.55413142434325,0
2021-01-19 21:00:00,20.040465155178445,38.22658234373994,1019.863184569567,12.813746612531965,1
2021-01-19 22:00:00,9.697423816275592,62.1186078871555,1014.0589445311523,10.037497965721752,0
2021-01-19 23:00:00,7.071271677376558,42.91211232103425,1018.8441298047248,18.605209167000304,0
2021-01-20 00:00:00,13.929696400454421,30.727246478633596,1032.764405845155,4.994202223365415,1
2021-01-20 01:00:00,4.647576775806259,44.472087455972485,997.3575838828895,13.176185589651636,0
2021-01-20 02:00:00,9.46350694652818,88.55242529460322,1029.1721257496863,9.481594787810607,0
2021-01-20 03:00:00,3.0212210741115157,78.09222671297937,1014.0435593752321,12.315760464510024,0
2021-01-20 04:00:00,34.64725132916389,87.574598659262,1004.0121595167687,11.323921455097738,0
2021-01-20 05:00:00,15.352635519717285,59.27124263558174,999.69686374261,7.80053140867001,1
2021-01-20 06:00:00,8.002744920074143,36.584171920650206,1011.1087960922297,10.68698917737802,0
2021-01-20 07:00:00,17.13979910734222,62.87756933842158,1022.2165011192446,4.426295645805139,1
2021-01-20 08:00:00,13.876719503091701,57.26264007359765,1011.7245087962247,11.809742501714181,0
2021-01-20 09:00:00,12.790304004667771,80.66142496437695,1028.1115493024736,10.894475397971577,0
2021-01-20 10:00:00,21.141667000434254,35.88495484705467,998.4882430994844,11.915980505929307,1
2021-01-20 11:00:00,22.575077100473052,59.29446822130669,1012.8791105215395,13.174354975261451,0
2021-01-20 12:00:00,9.694988523894725,39.00291988163906,1000.4760655558688,11.102859520629133,0
2021-01-20 13:00:00,9.2418175935532,49.480555613403595,1016.6363188262496,10.444268259394828,0
2021-01-20 14:00:00,12.24948302848356,74.24142464326798,1021.868873900973,7.356794990016123,1
2021-01-20 15:00:00,-8.01921164735585,58.56108776212599,1008.7923820631895,7.863337709052847,0
2021-01-20 16:00:00,-0.15191062198552174,52.553297108746165,986.9578614337287,13.560203860531992,0
2021-01-20 17:00:00,28.668742674445248,53.66857671420212,1014.989481467965,14.309006217117936,0
2021-01-20 18:00:00,31.449677135012838,57.5668061043592,1017.3673855173352,9.285668691063838,0
2021-01-20 19:00:00,12.509639604436217,77.10099263022342,1017.042947549617,10.138008241759822,0
2021-01-20 20:00:00,20.765569630557664,83.52508133641406,1025.3578219182216,7.286156875018702,0
2021-01-20 21:00:00,18.11250154543536,87.3200811902357,1002.2894632035095,13.518270535802333,0
2021-01-20 22:00:00,45.78880808455238,77.2142031753177,1019.8021610545045,11.996250471075335,0
2021-01-20 23:00:00,26.195749114345766,48.924413744880766,1024.9250751247798,15.823652309391248,0
2021-01-21 00:00:00,13.720824085192335,71.28808236519254,995.2141241599348,7.365030768460784,1
2021-01-21 01:00:00,5.444595593995743,56.25618744332351,1016.1965182591898,8.865976302945349,0
2021-01-21 02:00:00,-1.0644632025757232,45.28023732276307,1007.9582016899233,10.694337767576718,1
2021-01-21 03:00:00,17.03463635867223,80.45229476555537,1012.1847732689836,11.939468613177311,0
2021-01-21 04:00:00,7.436492547156966,32.3055809377395,1016.4767648353834,9.352997087357103,0
2021-01-21 05:00:00,0.7774629040232579,84.1057195281254,1008.1277143588645,7.381116728638899,1
2021-01-21 06:00:00,8.534271157574734,57.68864787748405,1006.2429192083839,12.644222586770713,0
2021-01-21 07:00:00,4.184519963856051,68.23208860849682,1013.3415241748802,12.163406087636744,0
2021-01-21 08:00:00,31.871416350725646,69.56123533234697,1002.127540611372,7.251177698308825,1
2021-01-21 09:00:00,23.816397569494505,83.70706444239218,1002.1417487111481,14.066328403316486,0
2021-01-21 10:00:00,14.920273586833826,68.20018093003245,1019.793732829565,13.51059612758981,0
2021-01-21 11:00:00,29.79944138890026,66.8360150856037,1001.5120596484135,10.402889491743379,0
2021-01-21 12:00:00,15.773683076476184,33.999122433641396,1019.6631250090921,10.238793587128109,0
2021-01-21 13:00:00,6.387157986717364,61.104481316712246,1017.6259129285395,11.662173313347722,0
2021-01-21 14:00:00,30.231240772696573,39.010140049022496,995.741932712094,7.414890789231226,0
2021-01-21 15:00:00,20.389100436846586,74.24602612328914,1006.2243534766435,10.090094437492246,0
2021-01-21 16:00:00,4.6275384567354365,60.73331524876047,1024.9410940304738,3.542849366172459,0
2021-01-21 17:00:00,13.096613219163919,70.8136667525012,1003.1883446886031,12.629366936508806,0
2021-01-21 18:00:00,6.243817466152429,32.50037403614306,1008.3559573769061,5.315520332674422,0
2021-01-21 19:00:00,1.1720026903566385,35.087520962748194,1017.620608932519,14.510259485286998,0
2021-01-21 20:00:00,24.261775475316412,72.97940328376094,1020.833905092826,9.00963971810065,0
2021-01-21 21:00:00,34.094166404701305,34.325060159920405,1010.484611139555,9.36499905420647,0
2021-01-21 22:00:00,1.0143242618085875,34.27540366591552,1007.0248980530836,8.116798281746483,0
2021-01-21 23:00:00,20.629692366905708,30.726508514093247,1027.223698616985,9.135883378233771,0
2021-01-22 00:00:00,8.493574308781731,87.39008389796881,1030.3889966379759,14.25559403544411,0
2021-01-22 01:00:00,10.128746162353039,74.25050156754043,1022.788580507818,2.536574030394762,1
2021-01-22 02:00:00,9.076060757611309,51.19508451012385,1013.8531814256503,13.830896158264563,0
2021-01-22 03:00:00,6.36009230320184,47.792134877259315,1004.9173427835907,11.014070443305124,0
2021-01-22 04:00:00,15.48521627944827,50.982193784750976,1004.6955559344343,6.378935056428354,0
2021-01-22 05:00:00,6.690498835889622,76.47921187087091,1018.2251410526576,6.774062820852286,0
2021-01-22 06:00:00,17.70456825779839,69.68223666422486,1017.1839822088868,15.029179081624608,1
2021-01-22 07:00:00,14.49761890550863,41.11173407204808,1027.0159859294643,7.163479360171806,1
2021-01-22 08:00:00,12.610519531335903,40.44656012004506,1019.5045009253614,6.539948468212122,0
2021-01-22 09:00:00,5.924363379584021,35.90373898280384,997.9691969824019,13.411943627094189,0
2021-01-22 10:00:00,9.232286694316674,69.61816318208028,1023.5194761772292,11.015658628857743,1
2021-01-22 11:00:00,22.55391225825756,75.86235973330416,1003.0193937268559,7.186223270390803,1
2021-01-22 12:00:00,20.00917187624381,45.90278569950024,1009.1602872804765,10.649874926213856,0
2021-01-22 13:00:00,5.224447552014489,31.25669766185477,1015.5020020625169,6.922741949079168,0
2021-01-22 14:00:00,15.993323054292258,34.93030004858564,1032.9566748978395,13.302464195267817,0
2021-01-22 15:00:00,22.51387123371789,88.07160209070183,1044.0991855600537,13.1841128946194,1
2021-01-22 16:00:00,-1.6940528112137159,47.72668664864521,1019.0672305913619,11.596018596465829,0
2021-01-22 17:00:00,20.43360192379935,76.15338887028801,1011.1680338127961,11.08498318374105,0
2021-01-22 18:00:00,8.373762410541534,67.47981413125584,1018.3450564848055,15.283564374602122,0
2021-01-22 19:00:00,20.70598668593159,52.91637837917375,1021.8765542587383,9.999058982164676,0
2021-01-22 20:00:00,7.367408434574831,42.341235731733306,1009.7933237444281,6.454377623737597,0
2021-01-22 21:00:00,-3.0488210066451913,37.283185089564384,1030.9521135591233,11.34842173849692,1
2021-01-22 22:00:00,-1.2754243788316266,66.900778082332,1015.300707591914,16.25814114861134,0
2021-01-22 23:00:00,15.48084946661382,76.47802683826728,1017.977430890914,6.955721520442443,0
2021-01-23 00:00:00,17.597225017214818,68.63425521246785,1019.6592425205446,8.915611699918042,0
2021-01-23 01:00:00,5.956833748955914,61.8181279949495,1017.2158661061445,11.249338114304358,0
2021-01-23 02:00:00,21.38592458777374,32.517073405898174,1021.3894050046961,9.838285452982783,0
2021-01-23 03:00:00,-1.6152006226895992,88.10932665566303,1006.8274681345308,7.053089258868056,0
2021-01-23 04:00:00,14.339202013526835,77.92285149927447,1007.4169824605397,13.365573568691413,0
2021-01-23 05:00:00,2.889838002375434,47.56932220205788,1001.9984576702831,16.96012216605178,0
2021-01-23 06:00:00,8.481638921978409,88.79821976153104,1017.3950123062023,10.588394377071722,0
2021-01-23 07:00:00,15.47398671316414,66.11289537817933,1020.7893650351211,7.287795130791999,0
2021-01-23 08:00:00,6.395866347160476,64.94535949243479,1017.5777286615189,5.353118424839575,1
2021-01-23 09:00:00,11.154444557701746,74.88439076577193,1029.7449243334754,10.773927943663542,1
2021-01-23 10:00:00,25.062928092144404,78.70618728540825,1012.9440398117096,13.311632029948772,0
2021-01-23 11:00:00,9.231081304768512,69.38871643989016,1019.6874165559251,11.425503239486146,0
2021-01-23 12:00:00,23.356921120651418,37.685744781972005,1002.0829912386068,9.992788477243439,1
2021-01-23 13:00:00,3.702931453423819,50.296050359669906,1009.129002975256,8.232185044632082,0
2021-01-23 14:00:00,20.29804177915283,85.685018419563,1019.9553775756577,6.723509101845731,1
2021-01-23 15:00:00,29.415686206579004,43.476936710631115,1021.4910211074315,12.504253978974646,1
2021-01-23 16:00:00,-9.716445001272895,52.330021430250795,1010.0603305233582,12.741314864156756,0
2021-01-23 17:00:00,7.031047445295232,55.92461297665176,1012.2840074814193,5.362810639927801,0
2021-01-23 18:00:00,20.7707212718054,56.36429938166713,997.8212625331919,14.769516934542052,1
2021-01-23 19:00:00,12.969546139570074,66.77637494967152,1009.4297079919339,11.722213662682003,0
2021-01-23 20:00:00,18.711458733713087,86.58455026468246,1021.9038316351979,14.19878393543738,0
2021-01-23 21:00:00,8.960148132841795,44.4415627099503,1018.7520501610657,5.973616754544655,0
2021-01-23 22:00:00,15.865897874728999,37.290082578055085,1018.0066572138121,5.902527533753683,0
2021-01-23 23:00:00,13.443227646079205,41.848229391596234,1013.4977368718096,9.55309207069811,0
2021-01-24 00:00:00,26.677820616598073,83.21549401255618,1013.0706315862818,11.508353280685583,0
2021-01-24 01:00:00,17.54420843301213,68.74864875931236,1006.3967886052656,15.389082468780892,1
2021-01-24 02:00:00,18.37602662075202,47.15440735434961,1019.9882842020254,12.118236741445394,0
2021-01-24 03:00:00,10.881230338775326,78.95681633811704,1017.2097294438939,9.2719561695639,0
2021-01-24 04:00:00,10.123937759275066,81.68219978180616,1017.920188479928,6.920892377002324,0
2021-01-24 05:00:00,10.674418121803791,80.79086032141669,1007.7396515733242,13.69000171815745,0
2021-01-24 06:00:00,18.94452142378297,85.13559201837327,991.4665708012875,7.105883722747856,0
2021-01-24 07:00:00,10.790155191797371,45.134461210401696,1023.971527117537,14.885405664316965,1
2021-01-24 08:00:00,17.89774856896413,75.3025157247767,1008.2116254399159,9.146846051180471,1
2021-01-24 09:00:00,35.75400798645439,57.632369836448404,1004.3722423595688,14.77174621785355,0
2021-01-24 10:00:00,23.711247034316923,80.5199131734037,1019.93478911914,12.036793870177835,0
2021-01-24 11:00:00,11.739764678321588,73.70944062969679,1009.0798736008087,9.589013531672625,0
2021-01-24 12:00:00,27.012139221639448,76.58684678998347,1023.5993638404663,8.44181088452162,0
2021-01-24 13:00:00,10.919246269784486,69.36971026086428,1019.170059495767,8.97727636796176,0
2021-01-24 14:00:00,-5.381245351778539,40.645726168182414,1019.8356932320048,11.284950077125712,0
2021-01-24 15:00:00,4.919136890825959,62.7016151338163,999.3404428879946,10.23146948865315,1
2021-01-24 16:00:00,-3.707919210258556,89.0801843714705,1025.119439853864,8.218565775793884,0
2021-01-24 17:00:00,11.484865159586914,86.24328398982713,1015.6125053123386,9.503105769047103,0
2021-01-24 18:00:00,15.184183791895517,32.5904241478207,1009.3072286075379,10.235731089157449,0
2021-01-24 19:00:00,31.764373122752826,39.888888943766226,1014.4338846734225,3.6137977167555633,0
2021-01-24 20:00:00,18.269273737641626,37.903726407273716,995.2376476710168,11.374504344366096,0
2021-01-24 21:00:00,12.808994711911357,73.55879459911773,1017.0865281148067,7.060836325849579,0
2021-01-24 22:00:00,23.29405581183489,79.0671197914167,1002.7062849181793,6.540002790382765,0
2021-01-24 23:00:00,-7.11135309007885,42.81068197864032,999.4732971415647,4.937966958667869,0
2021-01-25 00:00:00,17.35614558108566,60.351161577109735,997.7764081378211,4.618322506396329,0
2021-01-25 01:00:00,22.708651938869668,80.44218168067201,1024.1268837498992,5.9336574906631325,0
2021-01-25 02:00:00,0.2141375422015841,73.96809268597504,1006.7073660630721,7.872937127108528,0
2021-01-25 03:00:00,26.43754043206929,62.5342323295109,1028.337277099165,15.859777412579705,0
2021-01-25 04:00:00,18.38496407494414,65.42086142752638,1007.641985369477,8.422360972314388,1
2021-01-25 05:00:00,10.847120860991987,60.5016328149768,995.9264204240706,10.533250318804093,0
2021-01-25 06:00:00,21.32781866106285,47.85290707912924,1001.8347556005134,11.201444159518985,0
2021-01-25 07:00:00,37.70692857804396,63.90131957154097,1025.3581162000694,10.393195558647546,0
2021-01-25 08:00:00,16.818662550584953,71.33311812300545,1011.4410182206333,9.767669617822019,0
2021-01-25 09:00:00,17.48220586300336,82.39937495164847,1007.517127035094,6.414118709202266,0
2021-01-25 10:00:00,10.406391004597559,68.1774812387549,1014.6001822585279,14.352782644837635,0
2021-01-25 11:00:00,6.501556305352082,75.66729222258948,1018.0178273616755,15.421589930913655,0
2021-01-25 12:00:00,23.303358165442454,39.60429809727438,1024.1739881590247,4.9520239176319425,0
2021-01-25 13:00:00,6.439161740911327,57.693448465187394,1027.4849922989292,6.927914227340861,1
2021-01-25 14:00:00,15.715662372193925,30.559897189625598,1009.4023135421091,9.160568972868981,0
2021-01-25 15:00:00,10.223425532348834,44.80073187129738,999.7395231391796,7.106386615269426,1
2021-01-25 16:00:00,19.789798257463918,73.5877029067803,1008.8653483887672,11.517896660367596,0
2021-01-25 17:00:00,18.336621052869482,89.5085970809618,1015.6028050658289,7.815183392780161,0
2021-01-25 18:00:00,25.375399442578992,35.95068597523296,1003.3624107378939,16.49516820341981,1
2021-01-25 19:00:00,9.89983601145253,54.08965895167729,1003.4284908510496,13.571645783030789,0
2021-01-25 20:00:00,12.301250647066286,78.00425812194956,1016.4378788154988,10.637722091896645,0
2021-01-25 21:00:00,5.212362842176926,42.24213807773393,1012.5134764842954,13.080958789959197,0
2021-01-25 22:00:00,10.557067399238884,63.30509695813718,1013.3279699541158,13.317701273071927,0
2021-01-25 23:00:00,18.773004930448522,73.98427776178049,1005.4150466529993,8.30815753582527,0
2021-01-26 00:00:00,22.569886166453518,66.95912701561073,1010.6959928579423,7.551348266374106,0
2021-01-26 01:00:00,5.778346758223746,41.28148407692497,1003.757668557317,10.234429188908942,1
2021-01-26 02:00:00,23.696059201056602,51.323074121144366,1021.9019841112479,12.584908373493832,0
2021-01-26 03:00:00,28.55637858804951,77.02750706912383,1023.3524933472376,10.417181195960254,1
2021-01-26 04:00:00,19.134349032237008,63.253590847921,994.5381213776191,5.269010553427009,1
2021-01-26 05:00:00,33.76795812558066,30.313776812574766,1003.7048913980759,7.591526668147473,0
2021-01-26 06:00:00,7.26210800896427,75.65944560168563,998.0347074490992,9.778081409216865,0
2021-01-26 07:00:00,2.55345296688583,32.118681296414344,1006.499760655931,9.773003187022509,1
2021-01-26 08:00:00,-2.7872024890427873,74.74402696387392,1012.1656203020964,15.917626530369425,1
2021-01-26 09:00:00,29.96044311489183,42.14883360991425,998.5035478030147,5.842036172803006,0
2021-01-26 10:00:00,21.543656563540576,87.48440880716282,1003.7814018687469,11.516767725507624,0
2021-01-26 11:00:00,14.44415329089545,52.07644507812507,1002.960426279185,14.467339324984868,0
2021-01-26 12:00:00,17.799686263198204,49.615896980284745,1015.0726732939894,16.814349236268388,0
2021-01-26 13:00:00,3.7451095270162345,38.93328301994668,1013.6934433703625,8.786807730448116,0
2021-01-26 14:00:00,39.45751979616826,48.33625292941289,1005.7826244666275,11.4742883581606,0
2021-01-26 15:00:00,16.292211819752275,82.59904570969204,1014.768208721394,11.70928107159594,0
2021-01-26 16:00:00,16.093947946048928,89.78006025763483,1007.5331991541274,10.586445194659872,0
2021-01-26 17:00:00,22.25766623898692,52.098571830410904,1010.2834488967395,9.703464396282081,0
2021-01-26 18:00:00,19.810092317367133,56.916637857272555,1029.7345209029854,11.307926168500138,0
2021-01-26 19:00:00,17.238840242791312,73.32425629216422,1026.4046105179034,2.403261744340944,0
2021-01-26 20:00:00,7.095255445546881,83.17174682790447,1000.004187630724,12.046208470187894,0
2021-01-26 21:00:00,19.714683571359956,65.58266005120706,1021.2973241787918,10.378533710985902,0
2021-01-26 22:00:00,33.82024496475034,53.491541890669765,1021.1139655449159,9.332575309665204,0
2021-01-26 23:00:00,28.454200461549775,54.75731045091742,1001.5173671124738,16.140586587158673,0
2021-01-27 00:00:00,30.93186626639397,71.73708878980841,1021.1877764375486,7.975197943628343,1
2021-01-27 01:00:00,9.887843235688148,30.193095816256722,1028.3793191841255,8.790772032804908,0
2021-01-27 02:00:00,5.103951797414192,67.17536024759045,1001.7745519375559,15.974659906614203,0
2021-01-27 03:00:00,13.742130799003519,51.329580626481444,1003.8249717898574,7.50381608545043,0
2021-01-27 04:00:00,15.557249122886946,77.65183987662505,1023.176614668435,8.349654151190384,1
2021-01-27 05:00:00,25.941915184709487,35.57943838938793,1015.7149531082565,9.55892372970745,0
2021-01-27 06:00:00,-1.9246462971481932,65.29213601690343,1018.5147627523952,12.522203446388648,0
2021-01-27 07:00:00,30.295503194606137,58.858373393167426,1016.405892164005,10.62340752205994,0
2021-01-27 08:00:00,13.419921014210106,68.53953155431364,1016.9069592092815,6.122123958543212,0
2021-01-27 09:00:00,10.731189300525799,33.8912156689781,999.7352787168892,8.40349431061843,0
2021-01-27 10:00:00,4.878956247398325,64.79902724568788,1023.4731770662145,8.177936700363366,0
2021-01-27 11:00:00,-1.5485667186576926,63.689075277571426,1024.6958999242777,9.768336864330863,0
2021-01-27 12:00:00,23.231705839619146,63.639605664970254,1010.7060925593197,11.277530975889487,0
2021-01-27 13:00:00,15.733179671884038,66.20925999578729,1012.5652305018614,11.254617267663916,0
2021-01-27 14:00:00,2.100391002589461,70.58807623358173,997.6889249744428,4.671964737854793,0
2021-01-27 15:00:00,2.0492122793638394,78.29933998084618,1018.1425475601784,13.191822962682568,1
2021-01-27 16:00:00,11.642153007098717,46.18924320769286,1018.7205744171414,10.75770653798987,0
2021-01-27 17:00:00,31.69021525289393,79.50296461080373,1012.3780898300068,14.15359614278172,1
2021-01-27 18:00:00,12.404086486363951,59.89534093580722,1024.243533598705,11.332594981872015,0
2021-01-27 19:00:00,-0.031429531181061066,34.62349674805987,1009.6592276902006,13.303968873207285,0
2021-01-27 20:00:00,12.542569359140558,33.51305575463875,1018.646059258936,11.39963593435038,0
2021-01-27 21:00:00,12.272764302523296,50.05429912176365,1002.8033566130788,14.038677268608245,1
2021-01-27 22:00:00,-11.968866429415716,77.09381862668806,1012.7644784912576,11.566751908053336,0
2021-01-27 23:00:00,14.457051334821879,72.46085608445495,1011.2564574209716,9.706254260671288,0
2021-01-28 00:00:00,12.69065469791322,77.31689788034438,1015.2530792204094,16.817304161340644,0
2021-01-28 01:00:00,21.962063648134183,61.03614338649656,1009.3047307116664,12.667111366839677,0
2021-01-28 02:00:00,33.48956094945345,56.41193987732943,1011.6852740432834,11.72123326301324,0
2021-01-28 03:00:00,26.265650295477574,38.84715160237704,1021.2604717144151,6.171086750384992,0
2021-01-28 04:00:00,12.311113094451695,49.69156521655869,1008.6323576276178,6.135077147609387,0
2021-01-28 05:00:00,3.9347409125832975,56.04116197043251,996.9342289926132,10.87814644642556,0
2021-01-28 06:00:00,40.733598032498605,35.31602578077703,1030.4958390420543,10.436563593304722,0
2021-01-28 07:00:00,15.592184340144883,43.236717162672676,1026.814540786905,8.157632304975051,0
2021-01-28 08:00:00,15.139292919129462,65.89351764382434,1000.0773730489439,10.42294809883618,0
2021-01-28 09:00:00,14.758749128899968,74.1397868543514,1019.8970780524519,14.765880784130788,0
2021-01-28 10:00:00,16.980847607678548,89.90085068357698,1007.9702522944866,12.086207423650896,0
2021-01-28 11:00:00,13.556395880760576,85.98679988061346,1015.6348721533107,6.576974470741785,0
2021-01-28 12:00:00,9.263379931197637,68.5539119721115,1015.9422412901349,9.665473518571169,1
2021-01-28 13:00:00,9.531410587596078,55.27488319764432,1010.6559219968368,7.585100557442317,1
2021-01-28 14:00:00,14.672467297840017,68.17064188249395,1005.162343344136,8.836900250774317,1
2021-01-28 15:00:00,9.56575228866235,77.13909708481393,1006.0945894768374,8.759153003111072,0
2021-01-28 16:00:00,7.871542173228356,37.10017145540324,1003.8380808451876,8.567063252187985,0
2021-01-28 17:00:00,16.06430227691897,54.59429338177729,1004.6817779176955,6.234593884079816,0
2021-01-28 18:00:00,12.450227825791448,80.38813713813704,1012.3282170995064,9.617035955445429,0
2021-01-28 19:00:00,30.039929885826886,53.02997711598264,1005.8424001088924,8.31817708945807,0
2021-01-28 20:00:00,-11.509698083930118,64.31233627363119,1019.8205206571262,1.2116539299931954,0
2021-01-28 21:00:00,25.91506851922462,65.26616165173189,1027.8724615533592,16.15891607350499,1
2021-01-28 22:00:00,27.46085192497629,41.06857518801836,1007.1994675862995,13.266308962650015,1
2021-01-28 23:00:00,-5.733902324081495,51.734126499137304,1015.3940450053537,8.871097825225013,0
2021-01-29 00:00:00,11.573124059196513,50.07067732451593,1017.9968511030294,10.056457149221796,0
2021-01-29 01:00:00,11.285591340042085,31.571802511923888,1017.7200227091928,6.485036958047314,0
2021-01-29 02:00:00,0.9248830528217873,31.451505833481313,1013.7595526791608,15.087168633432595,0
2021-01-29 03:00:00,7.221833124091247,79.9018226205464,1020.4268241835972,15.691866084319335,0
2021-01-29 04:00:00,3.8942415453417123,46.38424859836874,1017.8224895268065,10.470081184739573,0
2021-01-29 05:00:00,32.52270443423623,61.084725974328926,1000.623375776727,13.070591932556034,0
2021-01-29 06:00:00,24.35678393147461,47.92353441532639,1021.6915606438928,10.525860336801772,0
2021-01-29 07:00:00,27.715550949941587,86.44075470692043,1021.8729083726674,5.989823683372208,0
2021-01-29 08:00:00,22.21672064043235,45.55780553194643,1005.3671389582141,8.764529893109028,0
2021-01-29 09:00:00,3.709482287827708,55.779408764336104,1013.379378354476,10.395783900315871,0
2021-01-29 10:00:00,9.754797337202262,82.36381502907611,1019.8332899281107,8.636356843769667,1
2021-01-29 11:00:00,19.89374561227918,80.51601400750852,1010.9068618042064,9.344040167694892,0
2021-01-29 12:00:00,2.7787219110805452,41.16608507077664,1023.7297804776601,9.725801327472656,0
2021-01-29 13:00:00,22.12998430172388,78.15859858774263,1036.6387249461936,9.757364506403617,0
2021-01-29 14:00:00,12.59674601841865,57.49121320427356,1005.1401396736502,10.15677547149245,0
2021-01-29 15:00:00,11.251791924504024,58.97813232512131,999.1895539684623,6.818184800810197,1
2021-01-29 16:00:00,22.109599682034915,38.00879834495663,1016.0381859560488,7.8489515526161915,0
2021-01-29 17:00:00,19.4426331148604,34.836090825427476,1020.2156250512614,6.146247202900092,0
2021-01-29 18:00:00,11.390338341809201,73.6763584184259,1010.6913362615524,12.9334466490586,0
2021-01-29 19:00:00,26.59329803364248,59.787669141317984,1027.5326066332104,3.683059174479027,1
2021-01-29 20:00:00,4.189366724001026,56.21104215691077,999.6139420027675,13.460771029950777,0
2021-01-29 21:00:00,21.159356069442637,73.7704937191438,1019.9291862303161,14.15904819178853,0
2021-01-29 22:00:00,20.931012579683838,75.93077393946658,1006.9413917924111,9.093458239052136,0
2021-01-29 23:00:00,11.904535606860097,39.53449006016122,1030.193779062073,2.1905887365181043,0
2021-01-30 00:00:00,18.26133022242118,66.61350896865848,1032.9251535316812,8.916068314098128,0
2021-01-30 01:00:00,2.48886423614697,38.12124493666113,1005.3334341221665,9.807447516133543,0
2021-01-30 02:00:00,24.240270192069012,75.08250516174274,1007.5044286409142,6.9682053402132595,0
2021-01-30 03:00:00,13.150978635570109,69.41730937602837,1021.5958788697981,8.454344818575272,1
2021-01-30 04:00:00,9.772769794809605,87.39687726500748,1009.1286935021049,14.590585596590053,0
2021-01-30 05:00:00,25.490092258368893,34.13748098138527,1012.5458878206776,11.994781486905223,0
2021-01-30 06:00:00,7.956563094572408,33.423283269075256,1013.2538842054241,7.2263076568657,0
2021-01-30 07:00:00,0.9153870363644039,46.93122448159201,993.8032684380235,5.207202491213703,0
2021-01-30 08:00:00,-0.5662917352390373,45.70234102415436,1012.8616225390576,9.018948047170687,0
2021-01-30 09:00:00,21.060099513456397,44.81872794431999,1006.1027222593583,9.359629661948686,0
2021-01-30 10:00:00,2.19570647503717,84.3752748312622,1008.0687717760023,11.488597562089948,0
2021-01-30 11:00:00,32.54794181984364,44.972771990970365,1027.4363200346882,8.394049862297024,0
2021-01-30 12:00:00,-5.8192940788372205,46.316983567717855,1000.4349310572075,11.534498726085584,0
2021-01-30 13:00:00,31.964563682900383,75.56389574507782,1021.1320518674797,15.805462120180687,0
2021-01-30 14:00:00,17.110174672026183,56.984390547032405,1010.2103706966819,12.446503067332788,0
2021-01-30 15:00:00,14.032868881296077,76.60263341731087,1010.2023983150417,9.855734478007681,0
2021-01-30 16:00:00,9.550809131910503,33.92196945386311,1020.9037189605172,9.450548586840116,0
2021-01-30 17:00:00,18.99136114352071,59.25427162040306,1016.4005129456889,8.929980597460386,1
2021-01-30 18:00:00,14.623652975751517,32.016816010996955,1018.7061299721953,13.541922737356433,1
2021-01-30 19:00:00,26.033018820165214,33.75919220732127,1022.6818466053286,8.118059662146091,0
2021-01-30 20:00:00,16.142276486620396,84.38624720066466,1009.6869161681668,10.135668126999947,0
2021-01-30 21:00:00,16.503017614618777,38.354722267055706,1006.8776326549225,10.153593705643257,0
2021-01-30 22:00:00,11.36387787786144,61.94524093651303,1002.148494734422,8.494647421565404,1
2021-01-30 23:00:00,14.430543762789325,54.66573615604239,1004.7458947002104,5.882603356347698,0
2021-01-31 00:00:00,18.078017688920593,50.84059957553056,1042.4909442530873,10.968923510853005,0
2021-01-31 01:00:00,-2.101683926566256,83.99000074123634,1025.4467958073678,9.816988084433849,0
2021-01-31 02:00:00,1.5181457789428698,31.30940380652937,999.4892563379198,11.50072140830971,1
2021-01-31 03:00:00,22.43264094022715,69.82738117053535,999.7754204325643,8.3991990806825,0
2021-01-31 04:00:00,16.70865438127942,87.80366605281303,1017.818660617185,13.662463896439142,0
2021-01-31 05:00:00,13.160166636473209,63.610091007710515,1018.4726479737797,7.369678656364465,0
2021-01-31 06:00:00,15.184339330653932,86.20934772198551,1018.4888383531736,15.136120852053677,0
2021-01-31 07:00:00,18.47581705361671,33.13547275716142,1010.450442064463,4.757090470515215,0
2021-01-31 08:00:00,9.602403196906385,55.12759914444968,1011.745457399971,11.304310193670673,0
2021-01-31 09:00:00,7.216952745976873,45.60946745772307,1016.2787952415936,11.42629204757987,0
2021-01-31 10:00:00,16.958452550976816,73.84925789884379,1013.8589300629333,7.613328796177353,0
2021-01-31 11:00:00,5.21627222384968,88.8778254298348,990.8069962725247,11.273181813583038,0
2021-01-31 12:00:00,19.08252755714472,45.39180374665487,1010.7020036942481,13.838556009280477,0
2021-01-31 13:00:00,-2.0258360423784048,69.25047608844446,1004.4859356573969,3.3495434819378067,0
2021-01-31 14:00:00,25.291556373256437,41.88585796558441,1014.7521141890851,11.508234422472444,0
2021-01-31 15:00:00,19.725974824130432,63.919815274296596,1042.852590026034,2.5201875390097674,0
2021-01-31 16:00:00,17.560297343138757,57.83594920130017,1016.674816654743,7.103005589430376,0
2021-01-31 17:00:00,24.82690983945514,88.32031977789222,1009.864703138276,14.887499094702836,0
2021-01-31 18:00:00,31.654744444625766,66.51163636178799,1022.2180150197726,8.254653899823838,0
2021-01-31 19:00:00,25.143700650181305,50.97038232520913,1017.8268788720922,6.478360106773082,1
2021-01-31 20:00:00,-3.408742313316452,36.845747093276,1017.2009449045185,9.406186813045954,0
2021-01-31 21:00:00,2.204230332642984,39.07480972409607,1019.0685059321567,16.203719014490655,0
2021-01-31 22:00:00,8.751814223043212,43.519015797074104,1033.5654356482953,4.504953258381922,0
2021-01-31 23:00:00,15.260910502108338,45.05799968041788,1001.6911156467409,6.846070265081966,0
2021-02-01 00:00:00,20.17659020469123,81.03696347046827,1017.7363207681145,14.492295049538878,1
2021-02-01 01:00:00,7.742561868465344,63.6733672969515,1003.7361887001846,15.573107030613198,1
2021-02-01 02:00:00,16.867667644770783,61.403454682461984,1018.5551264634225,9.689706327129148,0
2021-02-01 03:00:00,7.4461706764667746,36.88613231215305,1003.8131348851391,6.282841892420072,0
2021-02-01 04:00:00,8.884821970080518,81.6083816009661,1008.8263318639491,16.287530505427476,0
2021-02-01 05:00:00,0.9333890315177769,73.36885819250902,1010.0491008576209,14.78332717524759,0
2021-02-01 06:00:00,5.767667538890958,34.0601017140001,1022.7581671934471,12.0368409632867,0
2021-02-01 07:00:00,1.4831539438366637,72.47010583378612,1022.1845444394241,7.56279295318774,0
2021-02-01 08:00:00,5.241267470226672,62.61229304055876,1000.5428262355362,9.85291197748589,0
2021-02-01 09:00:00,25.536417966078396,34.9035207448067,1013.5493411099985,9.518919756865508,0
2021-02-01 10:00:00,5.50601111168057,57.498038491719385,1005.9042014525082,10.992553913846733,1
2021-02-01 11:00:00,41.32382064837391,59.08177722780282,1000.4149508932467,14.353004314394008,0
2021-02-01 12:00:00,19.933179008808892,39.94647240979654,1010.8298294957563,12.63825112341221,1
2021-02-01 13:00:00,16.84836123694874,86.74188882001694,1009.9151721154418,6.767871769045725,0
2021-02-01 14:00:00,6.416422198187865,80.99852228883972,1037.2671648634553,14.129489350058613,0
2021-02-01 15:00:00,22.003098794089915,70.1413402397465,1017.329598253607,10.939396420039467,0
2021-02-01 16:00:00,9.243621737622261,57.73773366003643,999.2238249924576,12.06119738757675,0
2021-02-01 17:00:00,16.220098146453616,54.70593249507051,1007.3522599582906,14.399622577835808,0
2021-02-01 18:00:00,40.60084538268795,69.05840802905725,1023.2138329542939,6.6652592514593465,0
2021-02-01 19:00:00,14.0394010027535,62.725912164414325,1033.8844277286992,9.89252326388061,1
2021-02-01 20:00:00,26.49273326285676,33.73638635291314,997.1401668776205,8.405636345922355,0
2021-02-01 21:00:00,7.968235748741126,60.7501589262199,994.2007561486096,5.296421723903633,0
2021-02-01 22:00:00,14.650115095030383,78.38421703397037,1031.709651753718,11.040129932814759,1
2021-02-01 23:00:00,32.7080063563551,57.55439265581748,1016.896141773709,17.534669654753273,0
2021-02-02 00:00:00,8.730329422122326,33.117394653256106,1004.3170726812364,4.479766766482742,0
2021-02-02 01:00:00,33.12448557996929,77.17669196304199,1018.3462908612244,9.90315816685159,0
2021-02-02 02:00:00,22.077519354554752,42.08182692815846,986.6425226098312,11.92162880522432,1
2021-02-02 03:00:00,9.375332241057324,45.51725009328233,1013.0337550659716,10.369234604968543,1
2021-02-02 04:00:00,21.32407739055521,39.882381205937754,1016.2782117284308,9.66061584245278,1
2021-02-02 05:00:00,24.725544496267297,49.81290389228985,1022.2427013953783,6.102350909662527,0
2021-02-02 06:00:00,21.218099622171962,75.4050903413181,1002.8610404770747,10.69836022882049,1
2021-02-02 07:00:00,-0.7022471989045638,61.16315157023624,1013.8568716140336,7.72970806895222,0
2021-02-02 08:00:00,7.728628241751315,42.29287644904275,1003.7457537394041,3.4302348850643405,0
2021-02-02 09:00:00,12.524813644484952,82.66980468912246,1015.5538375567431,13.583776661541192,0
2021-02-02 10:00:00,14.255665708999537,82.77491129709175,1004.0465367763697,12.875157459526127,0
2021-02-02 11:00:00,21.20672097550678,82.23470550276042,1008.9189916083978,10.15498293055324,1
2021-02-02 12:00:00,16.77701000933254,44.32777268289236,1003.0418460520978,10.687224064617109,1
2021-02-02 13:00:00,1.6465564128989882,57.07436065085929,1019.5113624182366,13.222954038146684,0
2021-02-02 14:00:00,18.801978510059634,89.0993793684525,1021.5845111665667,10.673018970334248,0
2021-02-02 15:00:00,21.10585745283823,76.32074857859942,1010.6537943004258,12.712052664283943,0
2021-02-02 16:00:00,20.597904479310397,31.63004527353359,1013.3823799496002,9.10755339737845,1
2021-02-02 17:00:00,25.807807255546216,33.91227547562952,998.5140858536646,13.93595121572184,0
2021-02-02 18:00:00,23.33922154548904,57.835882608739965,1010.0032335199321,10.96235717779805,0
2021-02-02 19:00:00,19.591800792284367,84.55321235169362,1012.4979538295826,10.582155830817623,0
2021-02-02 20:00:00,14.298342885413529,62.32210787716285,1039.2079309102996,6.189816733863903,0
2021-02-02 21:00:00,-1.609609335159913,59.868750482057415,1001.8803297422584,10.860867562905126,0
2021-02-02 22:00:00,19.296182191325858,36.32842199739783,1027.6417723875243,7.504135247516647,1
2021-02-02 23:00:00,17.07687687163111,69.40680628345764,1022.9685877346581,8.085151820414517,0
2021-02-03 00:00:00,17.715788371953735,79.32618963601354,1015.8063640449013,7.553873115051637,0
2021-02-03 01:00:00,2.232514241796906,52.825200450453735,1030.5862048419513,6.801295204302325,0
2021-02-03 02:00:00,4.189434595917376,76.53671105551965,1016.7210547260686,16.374314209050887,0
2021-02-03 03:00:00,25.531528533329038,87.8685992340487,1016.8915919566792,13.994017185965209,1
2021-02-03 04:00:00,14.60444846143345,42.22598754766135,1012.4687934698245,15.761102506432785,0
2021-02-03 05:00:00,21.815006973726245,61.39977787168448,1025.2356888241864,6.331314941333308,0
2021-02-03 06:00:00,15.283183761304612,47.22827748507453,1023.9646923381089,10.213761249732677,0
2021-02-03 07:00:00,15.297561394957452,77.57126514203037,1006.7432271250378,6.119477124387712,0
2021-02-03 08:00:00,24.382838059759976,64.65560195286946,999.8075280540123,7.912915368408807,0
2021-02-03 09:00:00,9.839552717826262,68.07494505301823,1010.9701936260434,7.2456190497502755,0
2021-02-03 10:00:00,15.961207769409834,77.87484957695364,1004.9996143560236,13.718752019324684,0
2021-02-03 11:00:00,10.377247112949576,53.75822835974729,1012.3647542538464,8.81131096569472,0
2021-02-03 12:00:00,10.655037725676845,84.90540410442259,1025.3743813468413,13.205138001082048,0
2021-02-03 13:00:00,11.908278765313607,61.9817320347684,1008.4269834491321,11.812362668765553,0
2021-02-03 14:00:00,17.22133771633713,39.47728937012088,1012.5717661868842,16.910916256314366,0
2021-02-03 15:00:00,10.212513783365226,71.75394709012815,1013.580227348084,5.561667330580828,0
2021-02-03 16:00:00,27.55756125573521,77.59568102629527,1021.4843088220529,13.777699719360397,1
2021-02-03 17:00:00,6.053926977804961,49.0057006240516,990.5311066601539,13.439322611202183,1
2021-02-03 18:00:00,13.131283558386409,81.43075541992518,1006.932997052347,7.079863485918896,0
2021-02-03 19:00:00,10.60268941725825,84.36859528594599,1015.1128369227947,13.021400009419478,0
2021-02-03 20:00:00,29.469778843537327,46.614269242668534,1025.0007895642686,11.008434889078686,0
2021-02-03 21:00:00,16.965547765115748,89.01128836291332,1008.0809755249379,9.317571220139776,0
2021-02-03 22:00:00,25.31844539468635,38.442691682925506,994.2344729395812,7.528193539084001,1
2021-02-03 23:00:00,0.14439626963028118,42.1209401041494,1019.1971144596614,7.842671645652443,0
2021-02-04 00:00:00,17.670502658692588,41.053490354281564,1006.6463761117437,16.14943628735778,0
2021-02-04 01:00:00,23.89630795623437,83.63938260047223,1001.1033334090964,10.002048456872448,1
2021-02-04 02:00:00,15.822839892754242,69.2575531394977,1006.7565461028678,12.346390004594378,1
2021-02-04 03:00:00,25.654803750653514,39.12625699333637,1011.1547464234415,7.627301854997341,0
2021-02-04 04:00:00,9.827115498996278,56.41940510210094,1006.9525533546179,7.660441161335084,0
2021-02-04 05:00:00,29.0934744018558,66.91788150418813,990.9443394290093,13.245954427749826,0
2021-02-04 06:00:00,37.9889812361925,35.007845099362996,1021.9706619688714,5.951271365345404,0
2021-02-04 07:00:00,11.371614395603409,82.94498210444033,1025.7487504127873,8.754358696284186,1
2021-02-04 08:00:00,10.54497478599228,78.21621212649211,1019.5152199133951,10.102082233216697,1
2021-02-04 09:00:00,29.53384477117701,60.31240641459829,1001.6231432957518,10.334117805520158,0
2021-02-04 10:00:00,30.795721457307124,88.02759691555022,1010.9850846605249,9.46272014495153,0
2021-02-04 11:00:00,9.771399728467317,55.06565875650598,1012.9347868477054,11.18745934328777,1
2021-02-04 12:00:00,10.798131829041427,89.04661914218987,1018.9879438956191,12.078567267453435,0
2021-02-04 13:00:00,12.182153911394927,70.07519992821761,1019.6834048871808,12.20391263637799,0
2021-02-04 14:00:00,1.5554948896572292,68.0802763952365,1005.658262012215,7.04258857399652,0
2021-02-04 15:00:00,5.813480535158018,39.9572937177471,1013.8199555641356,9.147534706213609,0
2021-02-04 16:00:00,4.958592332479322,82.91566549827864,1017.5728040461524,13.584288585630812,0
2021-02-04 17:00:00,7.322024348958715,55.649381275236905,1027.5582232214676,12.683941562721618,0
2021-02-04 18:00:00,14.653151126132189,39.734004346948765,1020.0450653982472,5.8814216455568085,0
2021-02-04 19:00:00,17.342147325365207,30.75645119854554,1020.8905668737552,11.054439701056605,0
2021-02-04 20:00:00,30.50500492814077,63.585341018302955,1013.8382662792936,4.06532425187557,0
2021-02-04 21:00:00,5.01645959261209,61.64397732736058,1027.104591452035,10.14080470618111,0
2021-02-04 22:00:00,24.843223984765835,73.16121734214951,1017.097627959595,15.693301050237931,0
2021-02-04 23:00:00,12.860111557744911,83.41548318106813,1004.3891208982643,7.156321848193041,1
2021-02-05 00:00:00,14.505362903475671,34.76439507858177,1027.0336997012519,7.497030863525254,0
2021-02-05 01:00:00,21.748194921666038,73.88978942042175,1019.9790327253903,12.292089344718578,0
2021-02-05 02:00:00,3.7727797843770148,41.244716645854936,1008.5695597887152,5.371595454371063,0
2021-02-05 03:00:00,18.824097461840505,81.49062318942984,1008.2050703260076,8.101734910344883,1
2021-02-05 04:00:00,16.66452208213056,79.14381083169937,1015.9657554514076,11.789323412745258,0
2021-02-05 05:00:00,19.924512640081492,62.44762529913266,1017.6318479526758,8.09714245693179,0
2021-02-05 06:00:00,17.891686439078182,72.61456791739869,1014.9729226563121,9.292090038367085,0
2021-02-05 07:00:00,39.55300139910894,48.861006791024906,1016.1130867344289,12.232557130945104,0
2021-02-05 08:00:00,8.62260015748684,58.27007393596888,1029.9995737457639,11.264638250609684,0
2021-02-05 09:00:00,9.690030449981823,79.2982138626283,1023.7154315223488,10.800455188886206,0
2021-02-05 10:00:00,8.768594735752355,57.55591183039283,1014.9063559126503,8.982633162189885,0
2021-02-05 11:00:00,9.445228808397452,51.46789591952651,1022.4131058076748,11.110183345806867,0
2021-02-05 12:00:00,8.626128726934823,59.65274683501799,1002.6747609647246,9.62880195970073,0
2021-02-05 13:00:00,26.890165311075517,79.6949551462331,1016.979270499468,11.373416829777355,0
2021-02-05 14:00:00,29.205042479898548,50.11248284225236,1031.093063497331,8.509203924646066,0
2021-02-05 15:00:00,9.292537062505238,40.42569558814463,1010.8195410460762,9.452293076861377,0
2021-02-05 16:00:00,6.676444268957713,72.72084121984685,1004.5236607138091,7.030126622343959,0
2021-02-05 17:00:00,19.71415556386404,79.55869276248491,1006.4791111140694,9.894977169981292,0
2021-02-05 18:00:00,9.477769557190287,36.038248711412,1002.1036696265761,7.5669974091134655,0
2021-02-05 19:00:00,21.32931817755511,44.39244676535668,1005.152380918723,6.65786064951402,1
2021-02-05 20:00:00,17.029230208513,38.51831938565964,1009.2949190140997,10.775983443566165,1
2021-02-05 21:00:00,-0.1574411499723194,50.87648469493,998.9443298082135,10.638219327572981,0
2021-02-05 22:00:00,30.475052013300616,57.021058734324754,1013.156183339496,12.348621204845717,0
2021-02-05 23:00:00,32.95877673095522,74.92958021779839,1022.0227717378665,8.706623291274703,0
2021-02-06 00:00:00,8.872113095156138,69.06885509290045,1003.9224381985308,11.224158540510267,1
2021-02-06 01:00:00,11.122984400640158,67.25571404870587,1028.1928392364177,11.652392716820989,0
2021-02-06 02:00:00,17.85865390724905,51.142496796579266,1018.1079208852759,11.334321423494785,0
2021-02-06 03:00:00,18.34456789987025,80.4868531850856,1023.3058058562406,7.523038951593573,0
2021-02-06 04:00:00,21.585442726728303,58.27723004388987,1006.4216544614786,10.448090446813566,0
2021-02-06 05:00:00,35.102045387663495,88.74629628090926,1021.5452522706662,11.092420888163984,1
2021-02-06 06:00:00,13.230527725059506,68.04852829774421,1002.0806609960468,10.021535400723826,0
2021-02-06 07:00:00,7.017027554615463,37.57588449387016,1021.9024750083651,3.7405670248867455,0
2021-02-06 08:00:00,1.2068077198547282,70.57065372452604,1014.7183933979353,10.48146887192044,1
2021-02-06 09:00:00,7.6906996005808095,49.506240925901935,1018.5325121998478,16.637593118191727,0
2021-02-06 10:00:00,14.66873027126203,71.17963180116584,1001.2440539437515,8.919882193729052,0
2021-02-06 11:00:00,32.94557863517788,34.178468889744344,1004.0493015772339,7.815768706434037,0
2021-02-06 12:00:00,9.823887009638286,40.49288623055756,1018.9722821825338,11.120045679134195,1
2021-02-06 13:00:00,17.237879516388986,81.34423553434718,1003.516519957758,10.937134631399715,0
2021-02-06 14:00:00,14.83577103927248,43.63077342141089,1017.6320629209912,13.578205496249243,0
2021-02-06 15:00:00,26.88393273448084,80.22246751457641,999.3286219353976,6.226395532273337,0
2021-02-06 16:00:00,40.26932425873622,46.75656530726462,1021.4817421266666,12.194140757724977,0
2021-02-06 17:00:00,9.691312270796793,68.57291460352246,1000.6747668523149,11.77126618375439,0
2021-02-06 18:00:00,10.10560557481778,71.64903441058986,1018.5229993767953,9.573560389178361,0
2021-02-06 19:00:00,25.44160877069072,60.759285188703174,1019.25630933646,11.01606195376507,0
2021-02-06 20:00:00,21.818914896263113,48.31864060180388,1006.0322818157042,13.088372444795072,1
2021-02-06 21:00:00,33.46707325736034,42.75866258226577,1018.8202656708472,12.61694614008535,0
2021-02-06 22:00:00,20.83928185325964,31.991361273745575,1015.6044226333356,6.570942063778814,0
2021-02-06 23:00:00,11.407079092129404,48.23678407444343,1007.6115814380726,12.460474560266453,0
2021-02-07 00:00:00,20.906548306923092,69.18976743187699,1002.914453159238,9.805934184902444,0
2021-02-07 01:00:00,26.08703580582908,86.29828910690895,993.3737430832742,10.218622294046547,1
2021-02-07 02:00:00,23.20482181197364,82.27226893578313,1016.4965004729969,10.219590973005083,0
2021-02-07 03:00:00,20.072740311072977,75.96388659211816,997.3519722863795,9.549271033605221,0
2021-02-07 04:00:00,25.66674689589154,77.30684059519791,1013.9534419944131,13.575122491321196,0
2021-02-07 05:00:00,26.692955904456728,69.89909420855972,1010.3655178391775,9.748846120452363,0
2021-02-07 06:00:00,28.821589910375273,45.61721145396018,1019.791427754382,6.641361614850494,0
2021-02-07 07:00:00,21.48709887589643,84.43170184234978,1009.9795450051014,8.819410432090814,0
2021-02-07 08:00:00,13.328819196831457,70.24393871435004,1009.7055221365291,10.536084150431426,0
2021-02-07 09:00:00,16.467136864333227,63.6264378588264,1020.3187070428829,13.687644352891152,0
2021-02-07 10:00:00,27.06508966508357,36.65936815280887,1016.3505802908412,11.8092840548465,0
2021-02-07 11:00:00,6.8306432901276395,56.82333262838553,1016.1615595718278,7.448394163758868,0
2021-02-07 12:00:00,18.686733088729014,57.62149627211558,1017.6926758980852,17.455569750036673,1
2021-02-07 13:00:00,11.066611876726393,81.87381657136021,997.644278767929,10.794325932933939,0
2021-02-07 14:00:00,15.287448229348175,62.798893211267306,1020.5678867998698,13.826172213997044,0
2021-02-07 15:00:00,27.784518626072988,52.824032938224576,1019.124687940136,9.544856699268312,0
2021-02-07 16:00:00,16.910990680199035,88.60801971063955,1002.8331687142351,11.600077734116349,0
2021-02-07 17:00:00,15.464365481561488,36.643235599578944,1010.559195263258,12.518405513555214,0
2021-02-07 18:00:00,1.401438590200808,55.352905698716675,1012.6069271237237,13.654584135262768,1
2021-02-07 19:00:00,22.46253566027221,32.52148051028432,1011.6550321559827,13.172104916134675,0
2021-02-07 20:00:00,21.454841811410752,74.39424724601582,1016.3385996656854,12.616591000218934,1
2021-02-07 21:00:00,36.6325472330546,85.08459313194903,1027.3136678183118,9.054739806417674,0
2021-02-07 22:00:00,11.922217650469992,46.80223977302937,1023.8176672767283,8.284761874131815,0
2021-02-07 23:00:00,17.191503276639388,81.50050060794726,999.8778080656859,10.997822530972593,1
2021-02-08 00:00:00,17.49383683710755,47.53309382771387,1019.2206999030604,12.799384217023208,0
2021-02-08 01:00:00,30.774532797634745,84.64620969863492,1026.2893331953542,9.331837897670178,1
2021-02-08 02:00:00,14.04704467613048,75.23771421580705,1016.868085206892,13.19551589714316,0
2021-02-08 03:00:00,17.79021525770339,78.29440661048632,1023.9098042518597,14.357850236458539,1
2021-02-08 04:00:00,21.078965097165394,31.08039333602727,1033.1227044570076,7.251037242779741,0
2021-02-08 05:00:00,16.86609123156358,87.76862142444156,1023.2370954610698,7.489237888611161,0
2021-02-08 06:00:00,10.535663854494718,73.6002595242194,1015.4930859564173,9.578874823283991,0
2021-02-08 07:00:00,16.940899928983075,48.285065723168,1023.4508847408475,10.92283800456759,0
2021-02-08 08:00:00,25.73631749859772,79.76367989153081,1014.4488783309689,8.426298958698847,0
2021-02-08 09:00:00,4.734847005889398,46.891271904895795,1013.2390304328495,14.056608036601434,0
2021-02-08 10:00:00,16.32969674146876,82.36523037396768,1009.4858576428627,11.272200584555353,0
2021-02-08 11:00:00,7.998791850608268,36.75482342471622,1028.634133588321,10.11834114472222,0
2021-02-08 12:00:00,26.950466289248425,72.22115864764774,1004.81571334058,5.692271428394418,0
2021-02-08 13:00:00,-0.23186904783774764,62.44190859869462,1028.3236772467812,6.052552550717479,0
2021-02-08 14:00:00,9.410781527284117,35.792068211726445,1017.9986412374037,10.843027750845419,0
2021-02-08 15:00:00,18.77211875064521,44.51362969553034,999.0069382519806,3.602213121535492,0
2021-02-08 16:00:00,30.655240292343404,30.74424217663889,1016.6764929299142,13.037912228932216,0
2021-02-08 17:00:00,14.342497389270122,58.12607792787035,991.9997349234837,9.52553846688304,0
2021-02-08 18:00:00,9.448004733068016,48.07591564560002,1019.2550801683103,19.7292789087842,0
2021-02-08 19:00:00,33.8115706944059,65.90144905786553,1021.8523148298899,16.923748751848333,1
2021-02-08 20:00:00,0.5198609958375595,47.83426846251703,1007.0764404434794,9.45565279225745,1
2021-02-08 21:00:00,-6.988059566200818,47.99514669041908,1014.2354769595559,9.680988992406055,0
2021-02-08 22:00:00,19.400144500533322,74.5915919238962,1032.5415743375029,12.98674454200609,0
2021-02-08 23:00:00,9.979457756473888,32.88857015870121,1007.9425329573806,15.109517829754113,0
2021-02-09 00:00:00,4.787671828692869,84.17369971151923,1002.410924129434,5.085912827691949,0
2021-02-09 01:00:00,22.083564472993533,81.13583246347089,1027.816634024626,4.64087360393594,0
2021-02-09 02:00:00,17.43800713771199,70.06828099358438,1032.625871905308,8.133895583336855,0
2021-02-09 03:00:00,9.359213692632716,65.59329420644306,1013.0369567184785,11.748212749521594,0
2021-02-09 04:00:00,2.1969560132910555,83.53814988837914,1023.1146303540836,11.490620771522792,0
2021-02-09 05:00:00,23.724573282801448,41.11981077172287,1026.4147591553087,13.20931436495155,0
2021-02-09 06:00:00,21.50201177958661,34.73814973144972,1005.5751576746162,6.400907414904076,1
2021-02-09 07:00:00,14.00824136220617,44.370610194572286,1008.1469416463214,3.0515684110933705,0
2021-02-09 08:00:00,33.466369960476655,77.67469672201142,1025.3087451315473,12.574042585906437,1
2021-02-09 09:00:00,4.299152336738475,32.080216003589,1029.8501427870851,7.515411181104296,1
2021-02-09 10:00:00,-0.25525170924738916,64.96841010500938,1018.6288086017436,3.944536406834086,0
2021-02-09 11:00:00,8.080919301187556,89.7262509714786,1004.2018564649794,10.435191237878145,0
2021-02-09 12:00:00,14.544139836445021,81.34176563025237,1032.8706111169945,12.379527064656031,0
2021-02-09 13:00:00,17.433394493226917,61.28674134261537,1007.6902910218804,9.633828603636168,1
2021-02-09 14:00:00,12.587639421436702,33.81845455719854,1009.6486221882855,8.626454841452531,1
2021-02-09 15:00:00,18.520553965142966,79.88241086314258,1016.4233783448963,9.52191330356228,0
2021-02-09 16:00:00,2.48460575809556,65.93871049063263,1028.5416042071477,8.88825171279765,0
2021-02-09 17:00:00,29.437646040732595,36.89597982357401,1021.5397597655223,5.955858664179498,0
2021-02-09 18:00:00,14.178488216074312,35.63143708940137,1017.1486550036191,7.8559579690287045,0
2021-02-09 19:00:00,26.172958315881274,84.57760916619554,1017.6328853011811,11.563839715041443,0
2021-02-09 20:00:00,18.427253463777042,70.15201577628471,1013.4351466864347,10.9650356241295,1
2021-02-09 21:00:00,19.56753219153784,79.75720795900534,1018.5813951451851,10.504179417900462,0
2021-02-09 22:00:00,20.69767280232204,82.73873401693604,987.704399223057,7.0145545544398615,0
2021-02-09 23:00:00,19.477085600173147,64.30634112289934,1010.033925409302,9.455490513592999,0
2021-02-10 00:00:00,21.42722759867544,61.04678110530247,1015.4132193491678,3.468804860671436,0
2021-02-10 01:00:00,28.291525301324313,55.82564461925941,1001.4898591638049,10.53542999165617,0
2021-02-10 02:00:00,16.965211697014702,49.01679526746716,1016.8632331781156,14.286573123440702,0
2021-02-10 03:00:00,22.090037575885123,56.07575765152271,1010.9552877901388,5.577603603873683,1
2021-02-10 04:00:00,14.102643057127732,76.43277934380939,1030.554756983155,8.242216980046734,1
2021-02-10 05:00:00,29.401172154494727,66.11540586090788,1028.7301972521486,10.987320336130388,0
2021-02-10 06:00:00,8.236076979407303,83.55139739729077,1008.3419443088184,13.75852790328245,1
2021-02-10 07:00:00,33.00940432910816,56.602800862751266,1011.4916228843331,8.655326151099551,0
2021-02-10 08:00:00,14.598420493556565,66.42537472312524,1012.260524343916,7.9232490122023105,0
2021-02-10 09:00:00,0.692248978819519,67.87845318551932,1008.4834052384037,4.09323057275175,0
2021-02-10 10:00:00,16.281044149107892,65.50182973837954,1014.9502498402812,10.310314387924318,0
2021-02-10 11:00:00,8.189483425251192,72.15802638513098,1005.4171793111241,16.126228120431232,1
2021-02-10 12:00:00,23.40643548988724,44.246008102488375,1001.6938466506248,10.832075385894028,0
2021-02-10 13:00:00,8.473760206976092,60.741826652747434,1019.2271122390027,9.93316306244886,0
2021-02-10 14:00:00,10.538165667852203,36.25348816850086,1019.2952958422181,10.966246932300956,0
2021-02-10 15:00:00,-3.895407309455308,53.07067965868875,1004.9568424034001,9.966723988154193,0
2021-02-10 16:00:00,10.476936807509233,59.26002411727586,1021.953554307626,7.56095688321961,0
2021-02-10 17:00:00,-9.238793266289566,69.13345557272835,1006.6842227083467,12.469839747033117,0
2021-02-10 18:00:00,-0.8390282348572331,87.0318631551722,1015.5316523803798,10.677284569335264,0
2021-02-10 19:00:00,22.604146561442974,66.03906399290136,1021.2034401261245,10.052839755800973,0
2021-02-10 20:00:00,22.858001586508323,74.61563497059359,1012.6638743529629,7.07390191816525,1
2021-02-10 21:00:00,19.254575617849646,60.37596356971217,1017.5474091214113,13.910523795804277,0
2021-02-10 22:00:00,5.33023856870787,68.04624188257988,1007.8357035611243,11.99410823599933,0
2021-02-10 23:00:00,14.522886438580201,34.25593296802641,1011.0353341657191,8.341237487898095,0
2021-02-11 00:00:00,14.963974609094317,45.26349485051082,1010.9414056911966,13.005474561045812,0
2021-02-11 01:00:00,3.4163531080745724,51.711185592308325,1005.5342165345976,8.507287484844378,0
2021-02-11 02:00:00,30.033983017671506,58.349601300390816,1011.2322583688422,7.653989522466889,0
2021-02-11 03:00:00,23.773622905756714,32.738924730143026,997.5138170113626,7.720890647559139,1
2021-02-11 04:00:00,12.79035826170336,38.401445853199064,1008.0884625285789,4.686794340735727,0
2021-02-11 05:00:00,15.268858389945308,46.60885846747834,1010.1512450663033,11.414627141254616,1
2021-02-11 06:00:00,17.083828079475524,88.29196145406304,1010.4382024750462,4.506565364984949,1
2021-02-11 07:00:00,-5.417348684242906,49.88082042618305,1010.5850255412922,6.314668506202712,0
2021-02-11 08:00:00,12.528226174794032,58.92246348672495,1012.3823580013988,3.7732359727644003,0
2021-02-11 09:00:00,8.180157520022014,41.76586276430358,1017.7944151808606,9.74179092162732,0
2021-02-11 10:00:00,4.983799901050844,66.64680426454609,1021.7451707413252,9.549038619184383,1
2021-02-11 11:00:00,12.18899707114045,46.84099293095846,1006.5023477315174,9.019911360440908,1
2021-02-11 12:00:00,32.976865268495224,42.419554706305604,1000.9679914461085,6.872266915988272,0
2021-02-11 13:00:00,21.4084286126701,60.99435770675875,1002.579555877569,6.483298739690079,0
2021-02-11 14:00:00,9.288210102172032,30.33034794962525,1008.1279707880507,11.393109590639723,0
2021-02-11 15:00:00,20.725827813561587,30.45984195895352,1009.480786821835,8.348344204874536,1
